Economic Cycles,,,,,
Fellow: Jaros,,,,,
SAGDP9 Real GDP by state 1,,,,,
,,,,,
Real GDP by state: All industry total (Millions of chained 2017 dollars),,,,,
Bureau of Economic Analysis,,,,,
States,,,,,
Link:,https://apps.bea.gov/iTable/?area=04000&area_type=0&category=1512&classification=naics&isuri=1&major_area=0&reqid=70&selected_income_data=0&state=0&statistic=1&step=30&tableid=512&unit_of_measure=percentchange&year=-1&year_end=-1&yearbegin=-1&utm_source=chatgpt.com#eyJhcHBpZCI6NzAsInN0ZXBzIjpbMSwyOSwyNSwzMSwyNiwyNywzMF0sImRhdGEiOltbImFyZWEiLFsiMDEwMDAiLCIwMjAwMCIsIjA0MDAwIiwiMDUwMDAiLCIwNjAwMCIsIjA4MDAwIiwiMDkwMDAiLCIxMDAwMCIsIjExMDAwIiwiMTIwMDAiLCIxMzAwMCIsIjE1MDAwIiwiMTYwMDAiLCIxNzAwMCIsIjE4MDAwIiwiMTkwMDAiLCIyMDAwMCIsIjIxMDAwIiwiMjIwMDAiLCIyMzAwMCIsIjI0MDAwIiwiMjUwMDAiLCIyNjAwMCIsIjI3MDAwIiwiMjgwMDAiLCIyOTAwMCIsIjMwMDAwIiwiMzEwMDAiLCIzMjAwMCIsIjMzMDAwIiwiMzQwMDAiLCIzNTAwMCIsIjM2MDAwIiwiMzcwMDAiLCIzODAwMCIsIjM5MDAwIiwiNDAwMDAiLCI0MTAwMCIsIjQyMDAwIiwiNDQwMDAiLCI0NTAwMCIsIjQ2MDAwIiwiNDcwMDAiLCI0ODAwMCIsIjQ5MDAwIiwiNTAwMDAiLCI1MTAwMCIsIjUzMDAwIiwiNTQwMDAiLCI1NTAwMCIsIjU2MDAwIl1dLFsibWFqb3JfYXJlYSIsIjAiXSxbInN0YXRlIixbIjAiXV0sWyJzdGF0aXN0aWMiLFsiMSJdXSxbInRhYmxlaWQiLCI1MTIiXSxbInVuaXRfb2ZfbWVhc3VyZSIsIkxldmVscyJdLFsiWWVhciIsWyItMSJdXSxbIlllYXJCZWdpbiIsIi0xIl0sWyJZZWFyX0VuZCIsIi0xIl1dfQ==,,,,
Legend / Footnotes:,,,,,
"1. Real GDP is in millions of chained 2017 dollars. Industry detail is based on the 2017 North American Industry Classification System (NAICS). Calculations are performed on unrounded data. Chained (2017) dollar series are calculated as the product of the chain-type quantity index and the 2017 current-dollar value of the corresponding series, divided by 100. Because the formula for the chain-type quantity indexes uses weights of more than one period, the corresponding chained-dollar estimates are usually not additive. The difference between the United States and sum-of-states reflects federal military and civilian activity located overseas, as well as the differences in source data used to estimate GDP by industry and the expenditures measure of real GDP.",,,,,
"Last updated: March 28, 2025-- new statistics for 2024.",,,,,
"2. Rate calculatedalculate by Matheus Cosso, not available in the original dataset",,,,,
,,,,,
,,,,,
State,Year,GDP,Rate,Rate_formula,Rate_doublecheck
Alabama,1997,154700,,,
Alabama,1998,160396.4,3.682223659,3.682223659,3.682223659
Alabama,1999,166531.8,3.825148195,3.825148195,3.825148195
Alabama,2000,168695.3,1.299151273,1.299151273,1.299151273
Alabama,2001,168448.3,-0.146417831,-0.146417831,-0.146417831
Alabama,2002,172430.4,2.363989426,2.363989426,2.363989426
Alabama,2003,178040,3.253254647,3.253254647,3.253254647
Alabama,2004,189913.7,6.669119299,6.669119299,6.669119299
Alabama,2005,197246.5,3.861122183,3.861122183,3.861122183
Alabama,2006,199923.9,1.357387837,1.357387837,1.357387837
Alabama,2007,202025.5,1.051199982,1.051199982,1.051199982
Alabama,2008,200967.4,-0.523745765,-0.523745765,-0.523745765
Alabama,2009,194192.1,-3.371342815,-3.371342815,-3.371342815
Alabama,2010,199455,2.710151443,2.710151443,2.710151443
Alabama,2011,201372.8,0.961520142,0.961520142,0.961520142
Alabama,2012,203675.5,1.143501009,1.143501009,1.143501009
Alabama,2013,206962.9,1.614038016,1.614038016,1.614038016
Alabama,2014,206070,-0.431429981,-0.431429981,-0.431429981
Alabama,2015,208950.3,1.397728927,1.397728927,1.397728927
Alabama,2016,212862.8,1.872454837,1.872454837,1.872454837
Alabama,2017,216615.5,1.762966568,1.762966568,1.762966568
Alabama,2018,220808.8,1.935826384,1.935826384,1.935826384
Alabama,2019,225272.8,2.021658557,2.021658557,2.021658557
Alabama,2020,222288.8,-1.324616199,-1.324616199,-1.324616199
Alabama,2021,233726.6,5.145468418,5.145468418,5.145468418
Alabama,2022,238556.5,2.066474248,2.066474248,2.066474248
Alabama,2023,245354.7,2.849723231,2.849723231,2.849723231
Alabama,2024,252664.5,2.979278571,2.979278571,2.979278571
Alaska,1997,41071,,,
Alaska,1998,40263.7,-1.965620511,-1.965620511,-1.965620511
Alaska,1999,39783.1,-1.193630988,-1.193630988,-1.193630988
Alaska,2000,38428.1,-3.405968866,-3.405968866,-3.405968866
Alaska,2001,40014.4,4.127968856,4.127968856,4.127968856
Alaska,2002,41904.7,4.724049342,4.724049342,4.724049342
Alaska,2003,41235,-1.598150088,-1.598150088,-1.598150088
Alaska,2004,42880.1,3.989571966,3.989571966,3.989571966
Alaska,2005,44406.8,3.560392816,3.560392816,3.560392816
Alaska,2006,47546.2,7.069637983,7.069637983,7.069637983
Alaska,2007,50126.7,5.427352764,5.427352764,5.427352764
Alaska,2008,49926.6,-0.399188456,-0.399188456,-0.399188456
Alaska,2009,54951.9,10.06537597,10.06537597,10.06537597
Alaska,2010,53652,-2.365523303,-2.365523303,-2.365523303
Alaska,2011,54045.5,0.733430254,0.733430254,0.733430254
Alaska,2012,57087.4,5.628405695,5.628405695,5.628405695
Alaska,2013,54627.6,-4.308831721,-4.308831721,-4.308831721
Alaska,2014,53303.3,-2.424232439,-2.424232439,-2.424232439
Alaska,2015,53681.1,0.708774128,0.708774128,0.708774128
Alaska,2016,53463.9,-0.404611679,-0.404611679,-0.404611679
Alaska,2017,53550.9,0.162726625,0.162726625,0.162726625
Alaska,2018,52479.6,-2.000526602,-2.000526602,-2.000526602
Alaska,2019,52377.5,-0.194551788,-0.194551788,-0.194551788
Alaska,2020,50332.8,-3.903775476,-3.903775476,-3.903775476
Alaska,2021,51454.1,2.22777195,2.22777195,2.22777195
Alaska,2022,50767.1,-1.335170569,-1.335170569,-1.335170569
Alaska,2023,54059.7,6.485696445,6.485696445,6.485696445
Alaska,2024,54881,1.519246315,1.519246315,1.519246315
Arizona,1997,180293.9,,,
Arizona,1998,197492.1,9.53898052,9.53898052,9.53898052
Arizona,1999,214293.9,8.50758081,8.50758081,8.50758081
Arizona,2000,224729.3,4.869667312,4.869667312,4.869667312
Arizona,2001,230885.6,2.739429171,2.739429171,2.739429171
Arizona,2002,238257.1,3.192706691,3.192706691,3.192706691
Arizona,2003,253743.1,6.499701373,6.499701373,6.499701373
Arizona,2004,264990,4.432396388,4.432396388,4.432396388
Arizona,2005,283806.2,7.100720782,7.100720782,7.100720782
Arizona,2006,296424.4,4.446062137,4.446062137,4.446062137
Arizona,2007,306611.6,3.436694145,3.436694145,3.436694145
Arizona,2008,302277.9,-1.413416844,-1.413416844,-1.413416844
Arizona,2009,277412.4,-8.226039681,-8.226039681,-8.226039681
Arizona,2010,282252.5,1.744730949,1.744730949,1.744730949
Arizona,2011,290411.3,2.890603272,2.890603272,2.890603272
Arizona,2012,297077.3,2.295365229,2.295365229,2.295365229
Arizona,2013,298859.9,0.600045847,0.600045847,0.600045847
Arizona,2014,301721.2,0.957405125,0.957405125,0.957405125
Arizona,2015,308582.8,2.274152429,2.274152429,2.274152429
Arizona,2016,319008.4,3.378542161,3.378542161,3.378542161
Arizona,2017,333099,4.416999678,4.416999678,4.416999678
Arizona,2018,346398.3,3.992596796,3.992596796,3.992596796
Arizona,2019,359576.7,3.804406661,3.804406661,3.804406661
Arizona,2020,365027.7,1.51594917,1.51594917,1.51594917
Arizona,2021,395035.9,8.220800778,8.220800778,8.220800778
Arizona,2022,410228.4,3.845852997,3.845852997,3.845852997
Arizona,2023,422399.6,2.966932567,2.966932567,2.966932567
Arizona,2024,433763.2,2.69024876,2.69024876,2.69024876
Arkansas,1997,87180.3,,,
Arkansas,1998,89905.3,3.125706152,3.125706152,3.125706152
Arkansas,1999,94756.9,5.396344821,5.396344821,5.396344821
Arkansas,2000,95509.8,0.794559552,0.794559552,0.794559552
Arkansas,2001,95528.7,0.019788545,0.019788545,0.019788545
Arkansas,2002,98556.6,3.16962337,3.16962337,3.16962337
Arkansas,2003,102948,4.455713773,4.455713773,4.455713773
Arkansas,2004,108581.8,5.472471539,5.472471539,5.472471539
Arkansas,2005,112451.1,3.56348854,3.56348854,3.56348854
Arkansas,2006,114890.4,2.16920955,2.16920955,2.16920955
Arkansas,2007,114026.7,-0.751759938,-0.751759938,-0.751759938
Arkansas,2008,113628,-0.349654949,-0.349654949,-0.349654949
Arkansas,2009,109833.1,-3.339757806,-3.339757806,-3.339757806
Arkansas,2010,113000.9,2.884194291,2.884194291,2.884194291
Arkansas,2011,115241.8,1.983081551,1.983081551,1.983081551
Arkansas,2012,116616.2,1.192622816,1.192622816,1.192622816
Arkansas,2013,119842.8,2.766854005,2.766854005,2.766854005
Arkansas,2014,121409.4,1.307212448,1.307212448,1.307212448
Arkansas,2015,121532.5,0.101392479,0.101392479,0.101392479
Arkansas,2016,123034.9,1.236212536,1.236212536,1.236212536
Arkansas,2017,123882.6,0.688991498,0.688991498,0.688991498
Arkansas,2018,126371.2,2.008837399,2.008837399,2.008837399
Arkansas,2019,127220,0.671672027,0.671672027,0.671672027
Arkansas,2020,128340.9,0.881072158,0.881072158,0.881072158
Arkansas,2021,137463.6,7.108178297,7.108178297,7.108178297
Arkansas,2022,139560.7,1.525567496,1.525567496,1.525567496
Arkansas,2023,142860.6,2.364490863,2.364490863,2.364490863
Arkansas,2024,148208.5,3.743439409,3.743439409,3.743439409
California,1997,1441226.4,,,
California,1998,1538612.3,6.757154879,6.757154879,6.757154879
California,1999,1655438.5,7.592958928,7.592958928,7.592958928
California,2000,1784320.6,7.785375295,7.785375295,7.785375295
California,2001,1784567.7,0.013848408,0.013848408,0.013848408
California,2002,1821509.5,2.070069967,2.070069967,2.070069967
California,2003,1895287.6,4.050382389,4.050382389,4.050382389
California,2004,1956745.5,3.242668817,3.242668817,3.242668817
California,2005,2042141,4.364159774,4.364159774,4.364159774
California,2006,2120435.4,3.83393703,3.83393703,3.83393703
California,2007,2168940.4,2.287501897,2.287501897,2.287501897
California,2008,2192331.8,1.078471313,1.078471313,1.078471313
California,2009,2110679.4,-3.724454483,-3.724454483,-3.724454483
California,2010,2153852.8,2.045474078,2.045474078,2.045474078
California,2011,2192887.2,1.812305836,1.812305836,1.812305836
California,2012,2255437.3,2.852408459,2.852408459,2.852408459
California,2013,2340335.3,3.764148088,3.764148088,3.764148088
California,2014,2428675.7,3.774689892,3.774689892,3.774689892
California,2015,2545979.5,4.829949095,4.829949095,4.829949095
California,2016,2623711.7,3.053135345,3.053135345,3.053135345
California,2017,2740550.3,4.453179822,4.453179822,4.453179822
California,2018,2850970.3,4.029117802,4.029117802,4.029117802
California,2019,2969609,4.161344648,4.161344648,4.161344648
California,2020,2933320.2,-1.222005995,-1.222005995,-1.222005995
California,2021,3154188.6,7.529638258,7.529638258,7.529638258
California,2022,3184007.8,0.945384179,0.945384179,0.945384179
California,2023,3248656.6,2.030422162,2.030422162,2.030422162
California,2024,3365083.3,3.583841395,3.583841395,3.583841395
Colorado,1997,189445.6,,,
Colorado,1998,206449.1,8.975399798,8.975399798,8.975399798
Colorado,1999,221040.8,7.067940718,7.067940718,7.067940718
Colorado,2000,238739.3,8.006892845,8.006892845,8.006892845
Colorado,2001,242650.1,1.638104828,1.638104828,1.638104828
Colorado,2002,243701.9,0.433463658,0.433463658,0.433463658
Colorado,2003,246017.4,0.950136211,0.950136211,0.950136211
Colorado,2004,250069.3,1.646997326,1.646997326,1.646997326
Colorado,2005,261992.9,4.768118278,4.768118278,4.768118278
Colorado,2006,268190.8,2.365674795,2.365674795,2.365674795
Colorado,2007,278733.8,3.931156475,3.931156475,3.931156475
Colorado,2008,281803.3,1.101229919,1.101229919,1.101229919
Colorado,2009,275659.1,-2.180315135,-2.180315135,-2.180315135
Colorado,2010,279385.6,1.351850891,1.351850891,1.351850891
Colorado,2011,283963.8,1.638667132,1.638667132,1.638667132
Colorado,2012,289339.5,1.893093415,1.893093415,1.893093415
Colorado,2013,301484.1,4.197352937,4.197352937,4.197352937
Colorado,2014,315399,4.615467283,4.615467283,4.615467283
Colorado,2015,330526.1,4.796178808,4.796178808,4.796178808
Colorado,2016,337685.2,2.165971159,2.165971159,2.165971159
Colorado,2017,350209.1,3.708750043,3.708750043,3.708750043
Colorado,2018,365204.5,4.281841905,4.281841905,4.281841905
Colorado,2019,383725.6,5.071432581,5.071432581,5.071432581
Colorado,2020,380188.8,-0.921700298,-0.921700298,-0.921700298
Colorado,2021,406451.9,6.907909965,6.907909965,6.907909965
Colorado,2022,418818.8,3.042647851,3.042647851,3.042647851
Colorado,2023,437056,4.354436811,4.354436811,4.354436811
Colorado,2024,445302.4,1.886806267,1.886806267,1.886806267
Connecticut,1997,205965.2,,,
Connecticut,1998,212255,3.053816858,3.053816858,3.053816858
Connecticut,1999,218860,3.111823043,3.111823043,3.111823043
Connecticut,2000,233874.2,6.860184593,6.860184593,6.860184593
Connecticut,2001,236338.1,1.053515095,1.053515095,1.053515095
Connecticut,2002,234307.3,-0.85927745,-0.85927745,-0.85927745
Connecticut,2003,236719.1,1.029331993,1.029331993,1.029331993
Connecticut,2004,252680.8,6.7428864,6.7428864,6.7428864
Connecticut,2005,258203.7,2.185722065,2.185722065,2.185722065
Connecticut,2006,269478.6,4.366668642,4.366668642,4.366668642
Connecticut,2007,278485.4,3.342306217,3.342306217,3.342306217
Connecticut,2008,277793.2,-0.248558811,-0.248558811,-0.248558811
Connecticut,2009,265530.8,-4.414218923,-4.414218923,-4.414218923
Connecticut,2010,266773.4,0.467968311,0.467968311,0.467968311
Connecticut,2011,261555.8,-1.955817184,-1.955817184,-1.955817184
Connecticut,2012,263649.9,0.800632217,0.800632217,0.800632217
Connecticut,2013,258911,-1.797421505,-1.797421505,-1.797421505
Connecticut,2014,260605.8,0.65458787,0.65458787,0.65458787
Connecticut,2015,268869.8,3.171072939,3.171072939,3.171072939
Connecticut,2016,268196.2,-0.250530182,-0.250530182,-0.250530182
Connecticut,2017,273875.1,2.11744238,2.11744238,2.11744238
Connecticut,2018,274582.8,0.258402462,0.258402462,0.258402462
Connecticut,2019,275225.4,0.234027769,0.234027769,0.234027769
Connecticut,2020,260765.2,-5.253948218,-5.253948218,-5.253948218
Connecticut,2021,269838.7,3.479567059,3.479567059,3.479567059
Connecticut,2022,278975.9,3.386171072,3.386171072,3.386171072
Connecticut,2023,286628.4,2.743068487,2.743068487,2.743068487
Connecticut,2024,294027.6,2.581460874,2.581460874,2.581460874
Delaware,1997,51267,,,
Delaware,1998,56487,10.18198841,10.18198841,10.18198841
Delaware,1999,60866.2,7.75258024,7.75258024,7.75258024
Delaware,2000,63388.8,4.14450056,4.14450056,4.14450056
Delaware,2001,65724.8,3.685193599,3.685193599,3.685193599
Delaware,2002,63702.5,-3.076920736,-3.076920736,-3.076920736
Delaware,2003,64316.8,0.964326361,0.964326361,0.964326361
Delaware,2004,67735.5,5.315407483,5.315407483,5.315407483
Delaware,2005,66381.2,-1.999394704,-1.999394704,-1.999394704
Delaware,2006,68411.8,3.058998632,3.058998632,3.058998632
Delaware,2007,68132.4,-0.408409076,-0.408409076,-0.408409076
Delaware,2008,65771.3,-3.465458431,-3.465458431,-3.465458431
Delaware,2009,69186.2,5.192082261,5.192082261,5.192082261
Delaware,2010,68291.9,-1.292598813,-1.292598813,-1.292598813
Delaware,2011,71103.5,4.117032913,4.117032913,4.117032913
Delaware,2012,70562.4,-0.761003326,-0.761003326,-0.761003326
Delaware,2013,68656.8,-2.700588415,-2.700588415,-2.700588415
Delaware,2014,73961.7,7.726692768,7.726692768,7.726692768
Delaware,2015,76211.2,3.041439015,3.041439015,3.041439015
Delaware,2016,71941.4,-5.602588596,-5.602588596,-5.602588596
Delaware,2017,69555.6,-3.316310219,-3.316310219,-3.316310219
Delaware,2018,70856.4,1.870158549,1.870158549,1.870158549
Delaware,2019,74627.8,5.322596124,5.322596124,5.322596124
Delaware,2020,72506.8,-2.842104417,-2.842104417,-2.842104417
Delaware,2021,74657.1,2.965652877,2.965652877,2.965652877
Delaware,2022,77149.2,3.338061618,3.338061618,3.338061618
Delaware,2023,78014.4,1.121463346,1.121463346,1.121463346
Delaware,2024,79652.7,2.099996924,2.099996924,2.099996924
Florida,1997,603988.6,,,
Florida,1998,634032.3,4.974216401,4.974216401,4.974216401
Florida,1999,664152,4.750499304,4.750499304,4.750499304
Florida,2000,693837.3,4.469654537,4.469654537,4.469654537
Florida,2001,714638,2.997921847,2.997921847,2.997921847
Florida,2002,746252.8,4.423890137,4.423890137,4.423890137
Florida,2003,781834.2,4.768008911,4.768008911,4.768008911
Florida,2004,833946.8,6.665428552,6.665428552,6.665428552
Florida,2005,883164.5,5.901779346,5.901779346,5.901779346
Florida,2006,909298.9,2.959176914,2.959176914,2.959176914
Florida,2007,922288.3,1.428507172,1.428507172,1.428507172
Florida,2008,891766.9,-3.309312283,-3.309312283,-3.309312283
Florida,2009,840480.6,-5.751088093,-5.751088093,-5.751088093
Florida,2010,851956.4,1.365385471,1.365385471,1.365385471
Florida,2011,849395.3,-0.300613975,-0.300613975,-0.300613975
Florida,2012,857861.3,0.996709071,0.996709071,0.996709071
Florida,2013,880183.5,2.60207565,2.60207565,2.60207565
Florida,2014,905648.5,2.893146713,2.893146713,2.893146713
Florida,2015,945929,4.447696871,4.447696871,4.447696871
Florida,2016,978989.7,3.495050897,3.495050897,3.495050897
Florida,2017,1014866.9,3.664716799,3.664716799,3.664716799
Florida,2018,1050433.8,3.504587646,3.504587646,3.504587646
Florida,2019,1084913.9,3.282462922,3.282462922,3.282462922
Florida,2020,1069758.8,-1.39689426,-1.39689426,-1.39689426
Florida,2021,1170526.3,9.419646747,9.419646747,9.419646747
Florida,2022,1239883.6,5.925308983,5.925308983,5.925308983
Florida,2023,1292787.6,4.266852146,4.266852146,4.266852146
Florida,2024,1339618.6,3.622482146,3.622482146,3.622482146
Georgia,1997,351183.9,,,
Georgia,1998,377705.9,7.552168536,7.552168536,7.552168536
Georgia,1999,404465.2,7.084692085,7.084692085,7.084692085
Georgia,2000,417713.5,3.275510477,3.275510477,3.275510477
Georgia,2001,422731.6,1.201325789,1.201325789,1.201325789
Georgia,2002,427329.7,1.087711446,1.087711446,1.087711446
Georgia,2003,439074.6,2.748439905,2.748439905,2.748439905
Georgia,2004,461245.4,5.049438068,5.049438068,5.049438068
Georgia,2005,480838.3,4.247825561,4.247825561,4.247825561
Georgia,2006,487524.9,1.390613019,1.390613019,1.390613019
Georgia,2007,492238.7,0.966883948,0.966883948,0.966883948
Georgia,2008,481860.3,-2.108407974,-2.108407974,-2.108407974
Georgia,2009,464016.8,-3.703044223,-3.703044223,-3.703044223
Georgia,2010,471588.2,1.631708162,1.631708162,1.631708162
Georgia,2011,481215.4,2.041442089,2.041442089,2.041442089
Georgia,2012,489027.3,1.623368662,1.623368662,1.623368662
Georgia,2013,499900.2,2.223372806,2.223372806,2.223372806
Georgia,2014,517511.9,3.523043199,3.523043199,3.523043199
Georgia,2015,540108.5,4.366392348,4.366392348,4.366392348
Georgia,2016,561718.3,4.001010908,4.001010908,4.001010908
Georgia,2017,583543.3,3.885399497,3.885399497,3.885399497
Georgia,2018,600934.7,2.980310116,2.980310116,2.980310116
Georgia,2019,620744.9,3.296564502,3.296564502,3.296564502
Georgia,2020,604745.9,-2.577387265,-2.577387265,-2.577387265
Georgia,2021,643013.8,6.327930458,6.327930458,6.327930458
Georgia,2022,665678.1,3.524698848,3.524698848,3.524698848
Georgia,2023,678201.2,1.881254618,1.881254618,1.881254618
Georgia,2024,701072.8,3.372391556,3.372391556,3.372391556
Hawaii,1997,60620.2,,,
Hawaii,1998,58946.1,-2.761620714,-2.761620714,-2.761620714
Hawaii,1999,59612.1,1.12984574,1.12984574,1.12984574
Hawaii,2000,60745.7,1.901627354,1.901627354,1.901627354
Hawaii,2001,60446.4,-0.492709772,-0.492709772,-0.492709772
Hawaii,2002,62355.2,3.157839011,3.157839011,3.157839011
Hawaii,2003,65623.7,5.241744073,5.241744073,5.241744073
Hawaii,2004,69332,5.650854798,5.650854798,5.650854798
Hawaii,2005,72941.9,5.206686667,5.206686667,5.206686667
Hawaii,2006,74892.9,2.674731533,2.674731533,2.674731533
Hawaii,2007,76434.1,2.057871975,2.057871975,2.057871975
Hawaii,2008,76830.2,0.518224196,0.518224196,0.518224196
Hawaii,2009,74118.5,-3.529471484,-3.529471484,-3.529471484
Hawaii,2010,76130.2,2.714167178,2.714167178,2.714167178
Hawaii,2011,77174.2,1.371334897,1.371334897,1.371334897
Hawaii,2012,78694,1.969310987,1.969310987,1.969310987
Hawaii,2013,80534.9,2.339314306,2.339314306,2.339314306
Hawaii,2014,81304.9,0.956107228,0.956107228,0.956107228
Hawaii,2015,83857.6,3.139663169,3.139663169,3.139663169
Hawaii,2016,85670.4,2.161759936,2.161759936,2.161759936
Hawaii,2017,87436.4,2.061388764,2.061388764,2.061388764
Hawaii,2018,88836.4,1.601163817,1.601163817,1.601163817
Hawaii,2019,88855.2,0.021162496,0.021162496,0.021162496
Hawaii,2020,79840.1,-10.14583277,-10.14583277,-10.14583277
Hawaii,2021,84408.5,5.721936721,5.721936721,5.721936721
Hawaii,2022,86887.8,2.937263427,2.937263427,2.937263427
Hawaii,2023,88614.3,1.987045362,1.987045362,1.987045362
Hawaii,2024,90280.2,1.879944885,1.879944885,1.879944885
Idaho,1997,38816.3,,,
Idaho,1998,40879.3,5.314777555,5.314777555,5.314777555
Idaho,1999,44821.5,9.643511508,9.643511508,9.643511508
Idaho,2000,49793,11.09177515,11.09177515,11.09177515
Idaho,2001,48695.4,-2.204325909,-2.204325909,-2.204325909
Idaho,2002,49840.5,2.351556821,2.351556821,2.351556821
Idaho,2003,51542.6,3.41509415,3.41509415,3.41509415
Idaho,2004,55137.1,6.973842996,6.973842996,6.973842996
Idaho,2005,59331.9,7.60794456,7.60794456,7.60794456
Idaho,2006,60738.6,2.370899971,2.370899971,2.370899971
Idaho,2007,61812.1,1.767409851,1.767409851,1.767409851
Idaho,2008,63878.2,3.342549436,3.342549436,3.342549436
Idaho,2009,61276.1,-4.073533694,-4.073533694,-4.073533694
Idaho,2010,62626.4,2.203632411,2.203632411,2.203632411
Idaho,2011,62704,0.123909406,0.123909406,0.123909406
Idaho,2012,62007.3,-1.111093391,-1.111093391,-1.111093391
Idaho,2013,64769.8,4.455120607,4.455120607,4.455120607
Idaho,2014,66784.9,3.111172182,3.111172182,3.111172182
Idaho,2015,67790.5,1.505729589,1.505729589,1.505729589
Idaho,2016,70442.5,3.912052574,3.912052574,3.912052574
Idaho,2017,72935.1,3.538488838,3.538488838,3.538488838
Idaho,2018,77652.1,6.467393614,6.467393614,6.467393614
Idaho,2019,81144.3,4.497238323,4.497238323,4.497238323
Idaho,2020,82717.4,1.938645105,1.938645105,1.938645105
Idaho,2021,88969.6,7.558506433,7.558506433,7.558506433
Idaho,2022,92903.7,4.421847463,4.421847463,4.421847463
Idaho,2023,95897.9,3.222907161,3.222907161,3.222907161
Idaho,2024,99603,3.863588254,3.863588254,3.863588254
Illinois,1997,619325.8,,,
Illinois,1998,639642.7,3.280486619,3.280486619,3.280486619
Illinois,1999,663857.8,3.785722873,3.785722873,3.785722873
Illinois,2000,687111.4,3.50279834,3.50279834,3.50279834
Illinois,2001,688404.3,0.188164539,0.188164539,0.188164539
Illinois,2002,692398.1,0.580153262,0.580153262,0.580153262
Illinois,2003,703548.8,1.61044636,1.61044636,1.61044636
Illinois,2004,726139,3.210893118,3.210893118,3.210893118
Illinois,2005,741248.6,2.080813729,2.080813729,2.080813729
Illinois,2006,759825.7,2.506190231,2.506190231,2.506190231
Illinois,2007,769571.6,1.282649429,1.282649429,1.282649429
Illinois,2008,759095.3,-1.361315828,-1.361315828,-1.361315828
Illinois,2009,740794.3,-2.410896234,-2.410896234,-2.410896234
Illinois,2010,755391.4,1.970466025,1.970466025,1.970466025
Illinois,2011,772225.6,2.228540065,2.228540065,2.228540065
Illinois,2012,790723.3,2.395375134,2.395375134,2.395375134
Illinois,2013,795435.2,0.595897452,0.595897452,0.595897452
Illinois,2014,811490.1,2.018379373,2.018379373,2.018379373
Illinois,2015,825424.9,1.717186691,1.717186691,1.717186691
Illinois,2016,826404.7,0.118702501,0.118702501,0.118702501
Illinois,2017,832826.8,0.777113199,0.777113199,0.777113199
Illinois,2018,851517.2,2.244212122,2.244212122,2.244212122
Illinois,2019,858018.3,0.763472541,0.763472541,0.763472541
Illinois,2020,810200.9,-5.573004678,-5.573004678,-5.573004678
Illinois,2021,855888.1,5.638996451,5.638996451,5.638996451
Illinois,2022,876536,2.412453217,2.412453217,2.412453217
Illinois,2023,885651.3,1.039923061,1.039923061,1.039923061
Illinois,2024,895342.5,1.094245557,1.094245557,1.094245557
Indiana,1997,244848.3,,,
Indiana,1998,260549.9,6.41278702,6.41278702,6.41278702
Indiana,1999,268864.3,3.191096984,3.191096984,3.191096984
Indiana,2000,278990.4,3.766249368,3.766249368,3.766249368
Indiana,2001,273884.4,-1.8301705,-1.8301705,-1.8301705
Indiana,2002,280723,2.49689285,2.49689285,2.49689285
Indiana,2003,293045.2,4.389451523,4.389451523,4.389451523
Indiana,2004,303819.8,3.676770682,3.676770682,3.676770682
Indiana,2005,306344.6,0.831018913,0.831018913,0.831018913
Indiana,2006,312525.5,2.017629819,2.017629819,2.017629819
Indiana,2007,322661.7,3.243319345,3.243319345,3.243319345
Indiana,2008,322384.3,-0.085972398,-0.085972398,-0.085972398
Indiana,2009,299789,-7.008809052,-7.008809052,-7.008809052
Indiana,2010,320731.8,6.985846712,6.985846712,6.985846712
Indiana,2011,321532.8,0.249741373,0.249741373,0.249741373
Indiana,2012,323876.2,0.728821445,0.728821445,0.728821445
Indiana,2013,333207.4,2.881100865,2.881100865,2.881100865
Indiana,2014,343827.8,3.187324171,3.187324171,3.187324171
Indiana,2015,341205.2,-0.762765547,-0.762765547,-0.762765547
Indiana,2016,348439.2,2.120131815,2.120131815,2.120131815
Indiana,2017,357535.8,2.610670671,2.610670671,2.610670671
Indiana,2018,368762.9,3.1401331,3.1401331,3.1401331
Indiana,2019,370507.2,0.473013961,0.473013961,0.473013961
Indiana,2020,359787.3,-2.893304098,-2.893304098,-2.893304098
Indiana,2021,387122,7.597461055,7.597461055,7.597461055
Indiana,2022,399280.8,3.140818657,3.140818657,3.140818657
Indiana,2023,404290.3,1.254630826,1.254630826,1.254630826
Indiana,2024,419472.8,3.755346097,3.755346097,3.755346097
Iowa,1997,120232.5,,,
Iowa,1998,121031,0.664129915,0.664129915,0.664129915
Iowa,1999,123683.4,2.191504656,2.191504656,2.191504656
Iowa,2000,129323.4,4.560029883,4.560029883,4.560029883
Iowa,2001,128077.5,-0.963398735,-0.963398735,-0.963398735
Iowa,2002,131035.2,2.309304913,2.309304913,2.309304913
Iowa,2003,137476.9,4.916007302,4.916007302,4.916007302
Iowa,2004,149063.2,8.427815873,8.427815873,8.427815873
Iowa,2005,153626.8,3.061520214,3.061520214,3.061520214
Iowa,2006,155704.5,1.352433299,1.352433299,1.352433299
Iowa,2007,162838.1,4.581498929,4.581498929,4.581498929
Iowa,2008,160469.1,-1.454819235,-1.454819235,-1.454819235
Iowa,2009,156737.2,-2.325619076,-2.325619076,-2.325619076
Iowa,2010,161593.1,3.098115827,3.098115827,3.098115827
Iowa,2011,164559.3,1.835598178,1.835598178,1.835598178
Iowa,2012,170923.7,3.867541974,3.867541974,3.867541974
Iowa,2013,171069.1,0.085067197,0.085067197,0.085067197
Iowa,2014,180309.9,5.401793778,5.401793778,5.401793778
Iowa,2015,185989.2,3.149743858,3.149743858,3.149743858
Iowa,2016,186729.9,0.398248931,0.398248931,0.398248931
Iowa,2017,187125,0.211589038,0.211589038,0.211589038
Iowa,2018,189245.1,1.132985972,1.132985972,1.132985972
Iowa,2019,188471.4,-0.408834892,-0.408834892,-0.408834892
Iowa,2020,186328.2,-1.13714866,-1.13714866,-1.13714866
Iowa,2021,201147.1,7.953117134,7.953117134,7.953117134
Iowa,2022,201580.4,0.21541449,0.21541449,0.21541449
Iowa,2023,202051.4,0.233653669,0.233653669,0.233653669
Iowa,2024,201096.8,-0.472454039,-0.472454039,-0.472454039
Kansas,1997,108792.9,,,
Kansas,1998,112625.7,3.523024021,3.523024021,3.523024021
Kansas,1999,115486.4,2.540006411,2.540006411,2.540006411
Kansas,2000,118840.9,2.904671026,2.904671026,2.904671026
Kansas,2001,119474.1,0.532813198,0.532813198,0.532813198
Kansas,2002,121050.5,1.319449153,1.319449153,1.319449153
Kansas,2003,123486.7,2.012548482,2.012548482,2.012548482
Kansas,2004,124793.2,1.058008676,1.058008676,1.058008676
Kansas,2005,129588.2,3.842356795,3.842356795,3.842356795
Kansas,2006,136135.8,5.052620532,5.052620532,5.052620532
Kansas,2007,143586.6,5.473064396,5.473064396,5.473064396
Kansas,2008,147265,2.561798942,2.561798942,2.561798942
Kansas,2009,141902.5,-3.641394765,-3.641394765,-3.641394765
Kansas,2010,143870.1,1.38658586,1.38658586,1.38658586
Kansas,2011,147836.8,2.757139948,2.757139948,2.757139948
Kansas,2012,150077.1,1.515387238,1.515387238,1.515387238
Kansas,2013,150702.9,0.416985669,0.416985669,0.416985669
Kansas,2014,154110.1,2.260872219,2.260872219,2.260872219
Kansas,2015,158602.6,2.915123668,2.915123668,2.915123668
Kansas,2016,164643.7,3.808953952,3.808953952,3.808953952
Kansas,2017,166273.6,0.989955887,0.989955887,0.989955887
Kansas,2018,169796.9,2.118977396,2.118977396,2.118977396
Kansas,2019,169562.3,-0.138165067,-0.138165067,-0.138165067
Kansas,2020,168056.8,-0.88787425,-0.88787425,-0.88787425
Kansas,2021,172782.4,2.811906451,2.811906451,2.811906451
Kansas,2022,177470.1,2.713065683,2.713065683,2.713065683
Kansas,2023,183795.6,3.564262374,3.564262374,3.564262374
Kansas,2024,185720.9,1.047522356,1.047522356,1.047522356
Kentucky,1997,155770.4,,,
Kentucky,1998,160810.1,3.235338678,3.235338678,3.235338678
Kentucky,1999,165761.9,3.079284199,3.079284199,3.079284199
Kentucky,2000,161101,-2.81180416,-2.81180416,-2.81180416
Kentucky,2001,161316.4,0.133704943,0.133704943,0.133704943
Kentucky,2002,165435.3,2.553305182,2.553305182,2.553305182
Kentucky,2003,170481.9,3.050497687,3.050497687,3.050497687
Kentucky,2004,175344.6,2.852326259,2.852326259,2.852326259
Kentucky,2005,182017.9,3.805820082,3.805820082,3.805820082
Kentucky,2006,186332.6,2.370481145,2.370481145,2.370481145
Kentucky,2007,185790,-0.291199715,-0.291199715,-0.291199715
Kentucky,2008,186515.9,0.390709941,0.390709941,0.390709941
Kentucky,2009,178112.8,-4.505299548,-4.505299548,-4.505299548
Kentucky,2010,186720.6,4.832780126,4.832780126,4.832780126
Kentucky,2011,188389.8,0.893955996,0.893955996,0.893955996
Kentucky,2012,192060.1,1.948247729,1.948247729,1.948247729
Kentucky,2013,196698,2.414817029,2.414817029,2.414817029
Kentucky,2014,196795.8,0.049720892,0.049720892,0.049720892
Kentucky,2015,199487.1,1.367559674,1.367559674,1.367559674
Kentucky,2016,201007.2,0.76200416,0.76200416,0.76200416
Kentucky,2017,203564,1.271994237,1.271994237,1.271994237
Kentucky,2018,205940.1,1.167249612,1.167249612,1.167249612
Kentucky,2019,211783.1,2.837232768,2.837232768,2.837232768
Kentucky,2020,206049.6,-2.707250956,-2.707250956,-2.707250956
Kentucky,2021,215133.2,4.40845311,4.40845311,4.40845311
Kentucky,2022,219755.6,2.148622342,2.148622342,2.148622342
Kentucky,2023,224418,2.121629665,2.121629665,2.121629665
Kentucky,2024,229885.4,2.436257341,2.436257341,2.436257341
Louisiana,1997,202386.5,,,
Louisiana,1998,209356.6,3.443955007,3.443955007,3.443955007
Louisiana,1999,213475.3,1.967313187,1.967313187,1.967313187
Louisiana,2000,206556.1,-3.241218071,-3.241218071,-3.241218071
Louisiana,2001,210534.7,1.926159528,1.926159528,1.926159528
Louisiana,2002,214856.1,2.052583256,2.052583256,2.052583256
Louisiana,2003,223576,4.058483795,4.058483795,4.058483795
Louisiana,2004,234620.8,4.940065123,4.940065123,4.940065123
Louisiana,2005,249560.9,6.367764495,6.367764495,6.367764495
Louisiana,2006,247139.7,-0.970184031,-0.970184031,-0.970184031
Louisiana,2007,234216.4,-5.229147725,-5.229147725,-5.229147725
Louisiana,2008,237061.6,1.214774029,1.214774029,1.214774029
Louisiana,2009,241868.8,2.027827366,2.027827366,2.027827366
Louisiana,2010,253466.9,4.795203019,4.795203019,4.795203019
Louisiana,2011,241235.9,-4.825482144,-4.825482144,-4.825482144
Louisiana,2012,242416.8,0.489520838,0.489520838,0.489520838
Louisiana,2013,236482.3,-2.448056405,-2.448056405,-2.448056405
Louisiana,2014,243042.9,2.774245684,2.774245684,2.774245684
Louisiana,2015,239584.1,-1.423123243,-1.423123243,-1.423123243
Louisiana,2016,235554.2,-1.682039835,-1.682039835,-1.682039835
Louisiana,2017,239830.7,1.815505731,1.815505731,1.815505731
Louisiana,2018,245220.3,2.247251916,2.247251916,2.247251916
Louisiana,2019,246674.4,0.592977009,0.592977009,0.592977009
Louisiana,2020,228951.3,-7.184815287,-7.184815287,-7.184815287
Louisiana,2021,237839.2,3.882004601,3.882004601,3.882004601
Louisiana,2022,236854.1,-0.414187401,-0.414187401,-0.414187401
Louisiana,2023,248615.5,4.965672961,4.965672961,4.965672961
Louisiana,2024,256422.3,3.140109929,3.140109929,3.140109929
Maine,1997,46325,,,
Maine,1998,48138.5,3.914732866,3.914732866,3.914732866
Maine,1999,50620.3,5.155540783,5.155540783,5.155540783
Maine,2000,52958.5,4.619095501,4.619095501,4.619095501
Maine,2001,54066.2,2.091637792,2.091637792,2.091637792
Maine,2002,55406.5,2.478997969,2.478997969,2.478997969
Maine,2003,56882.4,2.663766887,2.663766887,2.663766887
Maine,2004,58934.8,3.608145929,3.608145929,3.608145929
Maine,2005,59589.7,1.111228001,1.111228001,1.111228001
Maine,2006,59986,0.665047819,0.665047819,0.665047819
Maine,2007,60032.6,0.077684793,0.077684793,0.077684793
Maine,2008,59845.1,-0.312330301,-0.312330301,-0.312330301
Maine,2009,58771.8,-1.793463458,-1.793463458,-1.793463458
Maine,2010,59958.5,2.019165654,2.019165654,2.019165654
Maine,2011,59429.7,-0.881943344,-0.881943344,-0.881943344
Maine,2012,59181.7,-0.417299768,-0.417299768,-0.417299768
Maine,2013,59013.9,-0.283533592,-0.283533592,-0.283533592
Maine,2014,59589.8,0.975871786,0.975871786,0.975871786
Maine,2015,60563,1.633165408,1.633165408,1.633165408
Maine,2016,62037.1,2.433994353,2.433994353,2.433994353
Maine,2017,63000.6,1.553102901,1.553102901,1.553102901
Maine,2018,64806.3,2.866163179,2.866163179,2.866163179
Maine,2019,66758.4,3.012207147,3.012207147,3.012207147
Maine,2020,67410.9,0.977405091,0.977405091,0.977405091
Maine,2021,71142.4,5.535454949,5.535454949,5.535454949
Maine,2022,73036.2,2.661984977,2.661984977,2.661984977
Maine,2023,75195.4,2.956342197,2.956342197,2.956342197
Maine,2024,77477.5,3.034893092,3.034893092,3.034893092
Maryland,1997,237589.2,,,
Maryland,1998,248662.9,4.660860005,4.660860005,4.660860005
Maryland,1999,258913.4,4.122247428,4.122247428,4.122247428
Maryland,2000,269301.2,4.01207508,4.01207508,4.01207508
Maryland,2001,281053.6,4.364035511,4.364035511,4.364035511
Maryland,2002,290400.3,3.32559341,3.32559341,3.32559341
Maryland,2003,297690.6,2.510431291,2.510431291,2.510431291
Maryland,2004,311504.8,4.64045556,4.64045556,4.64045556
Maryland,2005,325644.5,4.539159589,4.539159589,4.539159589
Maryland,2006,329874,1.298808977,1.298808977,1.298808977
Maryland,2007,331763.5,0.572794461,0.572794461,0.572794461
Maryland,2008,338165.4,1.929657723,1.929657723,1.929657723
Maryland,2009,336285.8,-0.555822683,-0.555822683,-0.555822683
Maryland,2010,352622.9,4.858099866,4.858099866,4.858099866
Maryland,2011,360155.9,2.136276459,2.136276459,2.136276459
Maryland,2012,361561.8,0.390358731,0.390358731,0.390358731
Maryland,2013,364633.2,0.849481333,0.849481333,0.849481333
Maryland,2014,370343.9,1.566149215,1.566149215,1.566149215
Maryland,2015,378745.9,2.268702144,2.268702144,2.268702144
Maryland,2016,391950.9,3.486506389,3.486506389,3.486506389
Maryland,2017,399714.5,1.980758304,1.980758304,1.980758304
Maryland,2018,402480.9,0.692093982,0.692093982,0.692093982
Maryland,2019,402506.2,0.006286013,0.006286013,0.006286013
Maryland,2020,388782.8,-3.409487854,-3.409487854,-3.409487854
Maryland,2021,406953.1,4.673637826,4.673637826,4.673637826
Maryland,2022,416406.2,2.322896668,2.322896668,2.322896668
Maryland,2023,422866.3,1.551393807,1.551393807,1.551393807
Maryland,2024,432192.7,2.205519806,2.205519806,2.205519806
Massachusetts,1997,322389.9,,,
Massachusetts,1998,335504.4,4.06790039,4.06790039,4.06790039
Massachusetts,1999,353837.9,5.464458886,5.464458886,5.464458886
Massachusetts,2000,382599.6,8.128496128,8.128496128,8.128496128
Massachusetts,2001,388180.8,1.458757406,1.458757406,1.458757406
Massachusetts,2002,388451.6,0.069761307,0.069761307,0.069761307
Massachusetts,2003,397069.9,2.218629039,2.218629039,2.218629039
Massachusetts,2004,407886,2.723978826,2.723978826,2.723978826
Massachusetts,2005,417075.6,2.252982451,2.252982451,2.252982451
Massachusetts,2006,426926.1,2.361802033,2.361802033,2.361802033
Massachusetts,2007,440373.8,3.149889407,3.149889407,3.149889407
Massachusetts,2008,447526.8,1.6243019,1.6243019,1.6243019
Massachusetts,2009,441307.6,-1.389682137,-1.389682137,-1.389682137
Massachusetts,2010,462330.8,4.763842726,4.763842726,4.763842726
Massachusetts,2011,472664.3,2.23508795,2.23508795,2.23508795
Massachusetts,2012,483286.3,2.2472609,2.2472609,2.2472609
Massachusetts,2013,486991.8,0.766729783,0.766729783,0.766729783
Massachusetts,2014,496250.9,1.90128458,1.90128458,1.90128458
Massachusetts,2015,514398.7,3.656980773,3.656980773,3.656980773
Massachusetts,2016,521662.8,1.412153647,1.412153647,1.412153647
Massachusetts,2017,530129.4,1.623002445,1.623002445,1.623002445
Massachusetts,2018,549262.1,3.60906224,3.60906224,3.60906224
Massachusetts,2019,566326.8,3.106840978,3.106840978,3.106840978
Massachusetts,2020,559765,-1.158659629,-1.158659629,-1.158659629
Massachusetts,2021,595911.8,6.457495556,6.457495556,6.457495556
Massachusetts,2022,608052.9,2.037398823,2.037398823,2.037398823
Massachusetts,2023,615504.5,1.22548548,1.22548548,1.22548548
Massachusetts,2024,633617.6,2.942805455,2.942805455,2.942805455
Michigan,1997,423459.8,,,
Michigan,1998,431274.3,1.845393589,1.845393589,1.845393589
Michigan,1999,457637.6,6.112884538,6.112884538,6.112884538
Michigan,2000,467654.4,2.188806165,2.188806165,2.188806165
Michigan,2001,453301.5,-3.069125405,-3.069125405,-3.069125405
Michigan,2002,465788.4,2.754656669,2.754656669,2.754656669
Michigan,2003,477085.4,2.425350223,2.425350223,2.425350223
Michigan,2004,485082.7,1.676282695,1.676282695,1.676282695
Michigan,2005,493796.3,1.796312258,1.796312258,1.796312258
Michigan,2006,483763.6,-2.031748719,-2.031748719,-2.031748719
Michigan,2007,482935.1,-0.171261335,-0.171261335,-0.171261335
Michigan,2008,455256.7,-5.731287703,-5.731287703,-5.731287703
Michigan,2009,416297.1,-8.557721391,-8.557721391,-8.557721391
Michigan,2010,441271.5,5.99917703,5.99917703,5.99917703
Michigan,2011,453989.1,2.88203521,2.88203521,2.88203521
Michigan,2012,463302.6,2.051480972,2.051480972,2.051480972
Michigan,2013,472779.9,2.045596118,2.045596118,2.045596118
Michigan,2014,479534.9,1.428783246,1.428783246,1.428783246
Michigan,2015,490618.7,2.311364616,2.311364616,2.311364616
Michigan,2016,500159.5,1.944646627,1.944646627,1.944646627
Michigan,2017,505101.5,0.988084801,0.988084801,0.988084801
Michigan,2018,516843,2.324582287,2.324582287,2.324582287
Michigan,2019,521085.1,0.820771492,0.820771492,0.820771492
Michigan,2020,501893.8,-3.682949292,-3.682949292,-3.682949292
Michigan,2021,530380.9,5.675921878,5.675921878,5.675921878
Michigan,2022,543720.9,2.515173529,2.515173529,2.515173529
Michigan,2023,554256.2,1.937630133,1.937630133,1.937630133
Michigan,2024,566033.3,2.124847679,2.124847679,2.124847679
Minnesota,1997,225480.3,,,
Minnesota,1998,237724,5.430053091,5.430053091,5.430053091
Minnesota,1999,247004.7,3.903981087,3.903981087,3.903981087
Minnesota,2000,263345.6,6.615623104,6.615623104,6.615623104
Minnesota,2001,263518.7,0.065731115,0.065731115,0.065731115
Minnesota,2002,268982.8,2.073515086,2.073515086,2.073515086
Minnesota,2003,280796.9,4.392139572,4.392139572,4.392139572
Minnesota,2004,293753.9,4.614367181,4.614367181,4.614367181
Minnesota,2005,301761.2,2.725853172,2.725853172,2.725853172
Minnesota,2006,302272.7,0.169504893,0.169504893,0.169504893
Minnesota,2007,304208,0.640249682,0.640249682,0.640249682
Minnesota,2008,309290.4,1.670698995,1.670698995,1.670698995
Minnesota,2009,296875.2,-4.014091611,-4.014091611,-4.014091611
Minnesota,2010,308091.9,3.778254297,3.778254297,3.778254297
Minnesota,2011,315213.3,2.311453174,2.311453174,2.311453174
Minnesota,2012,321053.9,1.852904049,1.852904049,1.852904049
Minnesota,2013,329774.5,2.716241728,2.716241728,2.716241728
Minnesota,2014,338623.9,2.683470068,2.683470068,2.683470068
Minnesota,2015,345456.2,2.017666207,2.017666207,2.017666207
Minnesota,2016,350603.6,1.490029706,1.490029706,1.490029706
Minnesota,2017,354721.9,1.174631407,1.174631407,1.174631407
Minnesota,2018,364799.7,2.841042518,2.841042518,2.841042518
Minnesota,2019,369617.4,1.320642533,1.320642533,1.320642533
Minnesota,2020,357475.6,-3.284964398,-3.284964398,-3.284964398
Minnesota,2021,377947,5.726656589,5.726656589,5.726656589
Minnesota,2022,384727.7,1.794087531,1.794087531,1.794087531
Minnesota,2023,390907.9,1.606382904,1.606382904,1.606382904
Minnesota,2024,395307.1,1.125380173,1.125380173,1.125380173
Mississippi,1997,88384.3,,,
Mississippi,1998,90960.1,2.914318493,2.914318493,2.914318493
Mississippi,1999,93597.7,2.89973296,2.89973296,2.89973296
Mississippi,2000,93957,0.383876954,0.383876954,0.383876954
Mississippi,2001,93515.5,-0.469895803,-0.469895803,-0.469895803
Mississippi,2002,94561.5,1.118531153,1.118531153,1.118531153
Mississippi,2003,98762.1,4.442188417,4.442188417,4.442188417
Mississippi,2004,101369.5,2.64008157,2.64008157,2.64008157
Mississippi,2005,103691.8,2.290925772,2.290925772,2.290925772
Mississippi,2006,105879.9,2.110195792,2.110195792,2.110195792
Mississippi,2007,107713.9,1.732151239,1.732151239,1.732151239
Mississippi,2008,109434,1.596915533,1.596915533,1.596915533
Mississippi,2009,105360,-3.72279182,-3.72279182,-3.72279182
Mississippi,2010,106711.8,1.283029613,1.283029613,1.283029613
Mississippi,2011,106491.1,-0.20681874,-0.20681874,-0.20681874
Mississippi,2012,108646.5,2.024018909,2.024018909,2.024018909
Mississippi,2013,109032.7,0.355464741,0.355464741,0.355464741
Mississippi,2014,109299.6,0.244788949,0.244788949,0.244788949
Mississippi,2015,109401.7,0.093412968,0.093412968,0.093412968
Mississippi,2016,109911,0.465532071,0.465532071,0.465532071
Mississippi,2017,110281.4,0.336999936,0.336999936,0.336999936
Mississippi,2018,110174.8,-0.096661812,-0.096661812,-0.096661812
Mississippi,2019,111207.8,0.937600976,0.937600976,0.937600976
Mississippi,2020,110322.8,-0.795807488,-0.795807488,-0.795807488
Mississippi,2021,115675.1,4.851490354,4.851490354,4.851490354
Mississippi,2022,116557.1,0.76248043,0.76248043,0.76248043
Mississippi,2023,119548.4,2.566381628,2.566381628,2.566381628
Mississippi,2024,122438.1,2.417179987,2.417179987,2.417179987
Missouri,1997,243724.1,,,
Missouri,1998,249234,2.26071201,2.26071201,2.26071201
Missouri,1999,256290.4,2.831234904,2.831234904,2.831234904
Missouri,2000,262665.4,2.487412716,2.487412716,2.487412716
Missouri,2001,260381.1,-0.869661554,-0.869661554,-0.869661554
Missouri,2002,264997.7,1.773016552,1.773016552,1.773016552
Missouri,2003,271970.5,2.63126812,2.63126812,2.63126812
Missouri,2004,279128.2,2.631792786,2.631792786,2.631792786
Missouri,2005,285341.7,2.226038071,2.226038071,2.226038071
Missouri,2006,286558.3,0.426366003,0.426366003,0.426366003
Missouri,2007,288320.8,0.615058088,0.615058088,0.615058088
Missouri,2008,297881.8,3.316097902,3.316097902,3.316097902
Missouri,2009,289566.8,-2.79137564,-2.79137564,-2.79137564
Missouri,2010,295986.4,2.216966862,2.216966862,2.216966862
Missouri,2011,292984.2,-1.01430336,-1.01430336,-1.01430336
Missouri,2012,296514.3,1.20487726,1.20487726,1.20487726
Missouri,2013,302025.7,1.858729916,1.858729916,1.858729916
Missouri,2014,303617.8,0.527140571,0.527140571,0.527140571
Missouri,2015,308009.9,1.446588441,1.446588441,1.446588441
Missouri,2016,308423.3,0.134216465,0.134216465,0.134216465
Missouri,2017,311273.8,0.924216815,0.924216815,0.924216815
Missouri,2018,314182.4,0.934418509,0.934418509,0.934418509
Missouri,2019,321329.1,2.274697755,2.274697755,2.274697755
Missouri,2020,315332.6,-1.866155291,-1.866155291,-1.866155291
Missouri,2021,331580.9,5.152749827,5.152749827,5.152749827
Missouri,2022,339652.4,2.43424757,2.43424757,2.43424757
Missouri,2023,348487.4,2.601188745,2.601188745,2.601188745
Missouri,2024,356653.4,2.3432698,2.3432698,2.3432698
Montana,1997,30144.8,,,
Montana,1998,31456.1,4.350003981,4.350003981,4.350003981
Montana,1999,31633.4,0.563642664,0.563642664,0.563642664
Montana,2000,32513.7,2.782818161,2.782818161,2.782818161
Montana,2001,32689.6,0.541002716,0.541002716,0.541002716
Montana,2002,33663.8,2.980152709,2.980152709,2.980152709
Montana,2003,35249.5,4.710401084,4.710401084,4.710401084
Montana,2004,36949.9,4.823898211,4.823898211,4.823898211
Montana,2005,38849,5.139662083,5.139662083,5.139662083
Montana,2006,40055,3.10432701,3.10432701,3.10432701
Montana,2007,42057.7,4.999875172,4.999875172,4.999875172
Montana,2008,42049.3,-0.019972562,-0.019972562,-0.019972562
Montana,2009,40938.4,-2.641898914,-2.641898914,-2.641898914
Montana,2010,42469.8,3.740742188,3.740742188,3.740742188
Montana,2011,43532.2,2.501542272,2.501542272,2.501542272
Montana,2012,44329.1,1.830598959,1.830598959,1.830598959
Montana,2013,45114.7,1.7721993,1.7721993,1.7721993
Montana,2014,46166.7,2.331834192,2.331834192,2.331834192
Montana,2015,47765.6,3.463318799,3.463318799,3.463318799
Montana,2016,47189.6,-1.205888757,-1.205888757,-1.205888757
Montana,2017,48470.5,2.714369268,2.714369268,2.714369268
Montana,2018,49455,2.031132338,2.031132338,2.031132338
Montana,2019,50263.5,1.634819533,1.634819533,1.634819533
Montana,2020,49981.4,-0.561242253,-0.561242253,-0.561242253
Montana,2021,53303.7,6.647072711,6.647072711,6.647072711
Montana,2022,55193.9,3.546095299,3.546095299,3.546095299
Montana,2023,57373.3,3.948624757,3.948624757,3.948624757
Montana,2024,58519.7,1.998141993,1.998141993,1.998141993
Nebraska,1997,73974.1,,,
Nebraska,1998,75750,2.400705112,2.400705112,2.400705112
Nebraska,1999,77421.1,2.206072607,2.206072607,2.206072607
Nebraska,2000,80268.2,3.677421271,3.677421271,3.677421271
Nebraska,2001,82268.1,2.491522172,2.491522172,2.491522172
Nebraska,2002,83433.2,1.416223299,1.416223299,1.416223299
Nebraska,2003,88310.7,5.845994161,5.845994161,5.845994161
Nebraska,2004,90607.6,2.600930578,2.600930578,2.600930578
Nebraska,2005,94556,4.357691849,4.357691849,4.357691849
Nebraska,2006,97322.8,2.926096705,2.926096705,2.926096705
Nebraska,2007,99780.7,2.525513035,2.525513035,2.525513035
Nebraska,2008,99860.1,0.079574507,0.079574507,0.079574507
Nebraska,2009,99986.4,0.126476941,0.126476941,0.126476941
Nebraska,2010,103940.8,3.954937872,3.954937872,3.954937872
Nebraska,2011,109734.2,5.573749673,5.573749673,5.573749673
Nebraska,2012,109686.3,-0.043650931,-0.043650931,-0.043650931
Nebraska,2013,111382.2,1.546136573,1.546136573,1.546136573
Nebraska,2014,115651.9,3.833377326,3.833377326,3.833377326
Nebraska,2015,119640.8,3.449057041,3.449057041,3.449057041
Nebraska,2016,121303.1,1.389408964,1.389408964,1.389408964
Nebraska,2017,123219.9,1.580173961,1.580173961,1.580173961
Nebraska,2018,125543.4,1.88565321,1.88565321,1.88565321
Nebraska,2019,127568.9,1.613386287,1.613386287,1.613386287
Nebraska,2020,126734.9,-0.653764358,-0.653764358,-0.653764358
Nebraska,2021,134939.9,6.47414406,6.47414406,6.47414406
Nebraska,2022,139440.9,3.335559016,3.335559016,3.335559016
Nebraska,2023,145019.6,4.000763047,4.000763047,4.000763047
Nebraska,2024,145909.4,0.613572234,0.613572234,0.613572234
Nevada,1997,97208.5,,,
Nevada,1998,102779.4,5.730877444,5.730877444,5.730877444
Nevada,1999,110091,7.113876905,7.113876905,7.113876905
Nevada,2000,114810.2,4.286635601,4.286635601,4.286635601
Nevada,2001,116267.3,1.269138108,1.269138108,1.269138108
Nevada,2002,120180.1,3.365348641,3.365348641,3.365348641
Nevada,2003,125905.4,4.763933463,4.763933463,4.763933463
Nevada,2004,139373,10.69660237,10.69660237,10.69660237
Nevada,2005,150680.9,8.113407905,8.113407905,8.113407905
Nevada,2006,156297.9,3.727745189,3.727745189,3.727745189
Nevada,2007,157734.3,0.919014267,0.919014267,0.919014267
Nevada,2008,152745.6,-3.162723643,-3.162723643,-3.162723643
Nevada,2009,140304.3,-8.145111872,-8.145111872,-8.145111872
Nevada,2010,142614.2,1.646350112,1.646350112,1.646350112
Nevada,2011,144341.2,1.210959357,1.210959357,1.210959357
Nevada,2012,142986.1,-0.938817191,-0.938817191,-0.938817191
Nevada,2013,144549.3,1.09325312,1.09325312,1.09325312
Nevada,2014,145303.6,0.521828885,0.521828885,0.521828885
Nevada,2015,151055.9,3.95881451,3.95881451,3.95881451
Nevada,2016,156007.4,3.277925589,3.277925589,3.277925589
Nevada,2017,163199.1,4.60984543,4.60984543,4.60984543
Nevada,2018,168638.5,3.332984067,3.332984067,3.332984067
Nevada,2019,176029.7,4.382866309,4.382866309,4.382866309
Nevada,2020,166077,-5.653989071,-5.653989071,-5.653989071
Nevada,2021,182474.1,9.873191351,9.873191351,9.873191351
Nevada,2022,190463.3,4.378265189,4.378265189,4.378265189
Nevada,2023,195405.6,2.594883109,2.594883109,2.594883109
Nevada,2024,200921.3,2.822692901,2.822692901,2.822692901
New Hampshire,1997,51026.6,,,
New Hampshire,1998,54954.5,7.697749801,7.697749801,7.697749801
New Hampshire,1999,56913.1,3.564039342,3.564039342,3.564039342
New Hampshire,2000,60742.5,6.728503631,6.728503631,6.728503631
New Hampshire,2001,61719.4,1.608264395,1.608264395,1.608264395
New Hampshire,2002,63474.2,2.84319031,2.84319031,2.84319031
New Hampshire,2003,66119.4,4.167362487,4.167362487,4.167362487
New Hampshire,2004,68428.1,3.491713476,3.491713476,3.491713476
New Hampshire,2005,69556.1,1.648445595,1.648445595,1.648445595
New Hampshire,2006,71424.5,2.686177057,2.686177057,2.686177057
New Hampshire,2007,71943.5,0.726641419,0.726641419,0.726641419
New Hampshire,2008,71195.6,-1.03956577,-1.03956577,-1.03956577
New Hampshire,2009,70498.6,-0.978993084,-0.978993084,-0.978993084
New Hampshire,2010,72950.4,3.477799559,3.477799559,3.477799559
New Hampshire,2011,73465,0.7054108,0.7054108,0.7054108
New Hampshire,2012,74082.8,0.840944668,0.840944668,0.840944668
New Hampshire,2013,75503.4,1.917584109,1.917584109,1.917584109
New Hampshire,2014,76836.2,1.76521852,1.76521852,1.76521852
New Hampshire,2015,79319.3,3.231679859,3.231679859,3.231679859
New Hampshire,2016,80736.1,1.786198315,1.786198315,1.786198315
New Hampshire,2017,81179.6,0.549320564,0.549320564,0.549320564
New Hampshire,2018,82269.5,1.342578677,1.342578677,1.342578677
New Hampshire,2019,84438.2,2.636092355,2.636092355,2.636092355
New Hampshire,2020,83152.6,-1.52253364,-1.52253364,-1.52253364
New Hampshire,2021,89949.3,8.173767266,8.173767266,8.173767266
New Hampshire,2022,91416.1,1.630696403,1.630696403,1.630696403
New Hampshire,2023,93466.7,2.24314973,2.24314973,2.24314973
New Hampshire,2024,96501.1,3.246503835,3.246503835,3.246503835
New Jersey,1997,454064.1,,,
New Jersey,1998,461237.3,1.579776952,1.579776952,1.579776952
New Jersey,1999,477827.9,3.596977087,3.596977087,3.596977087
New Jersey,2000,503901.5,5.456692671,5.456692671,5.456692671
New Jersey,2001,509631.5,1.137126998,1.137126998,1.137126998
New Jersey,2002,517752.2,1.59344546,1.59344546,1.59344546
New Jersey,2003,529815.9,2.330014242,2.330014242,2.330014242
New Jersey,2004,536174,1.20005836,1.20005836,1.20005836
New Jersey,2005,546357.8,1.899346108,1.899346108,1.899346108
New Jersey,2006,555211,1.620403333,1.620403333,1.620403333
New Jersey,2007,560823.8,1.010930979,1.010930979,1.010930979
New Jersey,2008,573202.7,2.207270804,2.207270804,2.207270804
New Jersey,2009,546362.2,-4.682549472,-4.682549472,-4.682549472
New Jersey,2010,554764.4,1.537844309,1.537844309,1.537844309
New Jersey,2011,548479.3,-1.132931385,-1.132931385,-1.132931385
New Jersey,2012,560729.7,2.233520937,2.233520937,2.233520937
New Jersey,2013,570952.4,1.82310657,1.82310657,1.82310657
New Jersey,2014,570696.4,-0.044837363,-0.044837363,-0.044837363
New Jersey,2015,581414.9,1.878143966,1.878143966,1.878143966
New Jersey,2016,587049.7,0.969153009,0.969153009,0.969153009
New Jersey,2017,590086.7,0.517332689,0.517332689,0.517332689
New Jersey,2018,606892.2,2.847971324,2.847971324,2.847971324
New Jersey,2019,618691,1.944134395,1.944134395,1.944134395
New Jersey,2020,597221.4,-3.470165236,-3.470165236,-3.470165236
New Jersey,2021,632463.3,5.900977426,5.900977426,5.900977426
New Jersey,2022,650235.8,2.810044472,2.810044472,2.810044472
New Jersey,2023,663888.5,2.099653695,2.099653695,2.099653695
New Jersey,2024,678968.4,2.271450703,2.271450703,2.271450703
New Mexico,1997,67993.2,,,
New Mexico,1998,67718.1,-0.404599283,-0.404599283,-0.404599283
New Mexico,1999,71421,5.468109708,5.468109708,5.468109708
New Mexico,2000,72733.8,1.83811484,1.83811484,1.83811484
New Mexico,2001,72996.4,0.361042596,0.361042596,0.361042596
New Mexico,2002,75345.9,3.218651879,3.218651879,3.218651879
New Mexico,2003,78766.8,4.540260319,4.540260319,4.540260319
New Mexico,2004,85751,8.866933784,8.866933784,8.866933784
New Mexico,2005,86295.9,0.635444485,0.635444485,0.635444485
New Mexico,2006,88554.5,2.617273822,2.617273822,2.617273822
New Mexico,2007,89392.3,0.94608405,0.94608405,0.94608405
New Mexico,2008,89012.9,-0.424421343,-0.424421343,-0.424421343
New Mexico,2009,90829.2,2.04049076,2.04049076,2.04049076
New Mexico,2010,90721,-0.119124687,-0.119124687,-0.119124687
New Mexico,2011,90552.3,-0.18595474,-0.18595474,-0.18595474
New Mexico,2012,90762.4,0.232020611,0.232020611,0.232020611
New Mexico,2013,90104,-0.725410522,-0.725410522,-0.725410522
New Mexico,2014,92621.1,2.793549676,2.793549676,2.793549676
New Mexico,2015,93503.9,0.95313055,0.95313055,0.95313055
New Mexico,2016,93043.5,-0.492385879,-0.492385879,-0.492385879
New Mexico,2017,93210.1,0.179056033,0.179056033,0.179056033
New Mexico,2018,96077,3.075739646,3.075739646,3.075739646
New Mexico,2019,100342.2,4.439355933,4.439355933,4.439355933
New Mexico,2020,97622.4,-2.710524585,-2.710524585,-2.710524585
New Mexico,2021,100917.6,3.375454814,3.375454814,3.375454814
New Mexico,2022,103301.6,2.362323321,2.362323321,2.362323321
New Mexico,2023,110323.7,6.797668187,6.797668187,6.797668187
New Mexico,2024,112800.8,2.24530178,2.24530178,2.24530178
New York,1997,1085934.4,,,
New York,1998,1112323.6,2.430091541,2.430091541,2.430091541
New York,1999,1172149.8,5.378488778,5.378488778,5.378488778
New York,2000,1217036.4,3.829425215,3.829425215,3.829425215
New York,2001,1240755.2,1.948898159,1.948898159,1.948898159
New York,2002,1228580.8,-0.981208864,-0.981208864,-0.981208864
New York,2003,1236563.1,0.649717137,0.649717137,0.649717137
New York,2004,1269433.1,2.658174096,2.658174096,2.658174096
New York,2005,1301438,2.521196273,2.521196273,2.521196273
New York,2006,1339568.5,2.929874493,2.929874493,2.929874493
New York,2007,1353798.9,1.06231223,1.06231223,1.06231223
New York,2008,1328095.7,-1.898598086,-1.898598086,-1.898598086
New York,2009,1379504.6,3.870873161,3.870873161,3.870873161
New York,2010,1431624,3.778124408,3.778124408,3.778124408
New York,2011,1440346.8,0.60929406,0.60929406,0.60929406
New York,2012,1496280.1,3.883321711,3.883321711,3.883321711
New York,2013,1501818,0.370111184,0.370111184,0.370111184
New York,2014,1535375.9,2.234485137,2.234485137,2.234485137
New York,2015,1565835.2,1.983833405,1.983833405,1.983833405
New York,2016,1590567.8,1.579514881,1.579514881,1.579514881
New York,2017,1624800.7,2.152243997,2.152243997,2.152243997
New York,2018,1665186.8,2.485603311,2.485603311,2.485603311
New York,2019,1704364.3,2.352739044,2.352739044,2.352739044
New York,2020,1656784.8,-2.791627353,-2.791627353,-2.791627353
New York,2021,1736222.3,4.794678223,4.794678223,4.794678223
New York,2022,1765102.1,1.66336995,1.66336995,1.66336995
New York,2023,1791210.7,1.479155228,1.479155228,1.479155228
New York,2024,1834560.8,2.420156378,2.420156378,2.420156378
North Carolina,1997,340580.3,,,
North Carolina,1998,351977.9,3.346523566,3.346523566,3.346523566
North Carolina,1999,372030.3,5.69706223,5.69706223,5.69706223
North Carolina,2000,384115.3,3.248391327,3.248391327,3.248391327
North Carolina,2001,387433.9,0.863959337,0.863959337,0.863959337
North Carolina,2002,393685.9,1.61369462,1.61369462,1.61369462
North Carolina,2003,404582.5,2.767841063,2.767841063,2.767841063
North Carolina,2004,420579.4,3.953927814,3.953927814,3.953927814
North Carolina,2005,442305.6,5.165778448,5.165778448,5.165778448
North Carolina,2006,470663.9,6.411472068,6.411472068,6.411472068
North Carolina,2007,477920.8,1.541843341,1.541843341,1.541843341
North Carolina,2008,492688.8,3.090051741,3.090051741,3.090051741
North Carolina,2009,473610.5,-3.872282057,-3.872282057,-3.872282057
North Carolina,2010,482030.4,1.777811092,1.777811092,1.777811092
North Carolina,2011,484200.3,0.45015833,0.45015833,0.45015833
North Carolina,2012,488126.5,0.810862777,0.810862777,0.810862777
North Carolina,2013,497456.6,1.911410259,1.911410259,1.911410259
North Carolina,2014,509782.4,2.477763889,2.477763889,2.477763889
North Carolina,2015,525229.1,3.03005753,3.03005753,3.03005753
North Carolina,2016,536308.5,2.109441385,2.109441385,2.109441385
North Carolina,2017,546810.1,1.958126713,1.958126713,1.958126713
North Carolina,2018,556573.7,1.7855559,1.7855559,1.7855559
North Carolina,2019,567975,2.048479833,2.048479833,2.048479833
North Carolina,2020,564504.4,-0.611048021,-0.611048021,-0.611048021
North Carolina,2021,600217.3,6.326416588,6.326416588,6.326416588
North Carolina,2022,619537.2,3.218817585,3.218817585,3.218817585
North Carolina,2023,638067.3,2.990958412,2.990958412,2.990958412
North Carolina,2024,661947.8,3.742630284,3.742630284,3.742630284
North Dakota,1997,22695.3,,,
North Dakota,1998,23971.3,5.622309465,5.622309465,5.622309465
North Dakota,1999,24069.6,0.410073713,0.410073713,0.410073713
North Dakota,2000,24990.2,3.824741583,3.824741583,3.824741583
North Dakota,2001,25329.8,1.358932702,1.358932702,1.358932702
North Dakota,2002,26592.1,4.983458219,4.983458219,4.983458219
North Dakota,2003,28326.7,6.522989911,6.522989911,6.522989911
North Dakota,2004,28636.2,1.09260874,1.09260874,1.09260874
North Dakota,2005,29629,3.466940446,3.466940446,3.466940446
North Dakota,2006,30911.4,4.328191974,4.328191974,4.328191974
North Dakota,2007,32529,5.233020827,5.233020827,5.233020827
North Dakota,2008,35030.4,7.689753758,7.689753758,7.689753758
North Dakota,2009,35971.3,2.685952772,2.685952772,2.685952772
North Dakota,2010,38697.4,7.578541782,7.578541782,7.578541782
North Dakota,2011,43300.4,11.89485599,11.89485599,11.89485599
North Dakota,2012,53326.8,23.15544429,23.15544429,23.15544429
North Dakota,2013,54690.9,2.558000855,2.558000855,2.558000855
North Dakota,2014,60193,10.06035739,10.06035739,10.06035739
North Dakota,2015,58694.5,-2.489492134,-2.489492134,-2.489492134
North Dakota,2016,54756,-6.710168755,-6.710168755,-6.710168755
North Dakota,2017,56530.2,3.240192856,3.240192856,3.240192856
North Dakota,2018,58516.4,3.513520207,3.513520207,3.513520207
North Dakota,2019,59408.5,1.524529875,1.524529875,1.524529875
North Dakota,2020,55850.6,-5.988873646,-5.988873646,-5.988873646
North Dakota,2021,56419.2,1.018073217,1.018073217,1.018073217
North Dakota,2022,55988,-0.764278827,-0.764278827,-0.764278827
North Dakota,2023,60348.6,7.788454669,7.788454669,7.788454669
North Dakota,2024,59916,-0.716835188,-0.716835188,-0.716835188
Ohio,1997,501214.2,,,
Ohio,1998,518604,3.469534582,3.469534582,3.469534582
Ohio,1999,530745.6,2.341208321,2.341208321,2.341208321
Ohio,2000,541005.9,1.933186069,1.933186069,1.933186069
Ohio,2001,534612.4,-1.181780088,-1.181780088,-1.181780088
Ohio,2002,546688.2,2.258795344,2.258795344,2.258795344
Ohio,2003,557024.5,1.89071211,1.89071211,1.89071211
Ohio,2004,572308.5,2.743864947,2.743864947,2.743864947
Ohio,2005,584867.7,2.194480774,2.194480774,2.194480774
Ohio,2006,582637.6,-0.381299908,-0.381299908,-0.381299908
Ohio,2007,585403,0.474634661,0.474634661,0.474634661
Ohio,2008,580389,-0.856503981,-0.856503981,-0.856503981
Ohio,2009,550982.4,-5.066705261,-5.066705261,-5.066705261
Ohio,2010,563816.3,2.329275853,2.329275853,2.329275853
Ohio,2011,580251.4,2.914974257,2.914974257,2.914974257
Ohio,2012,586540.9,1.083926726,1.083926726,1.083926726
Ohio,2013,603057.4,2.815916162,2.815916162,2.815916162
Ohio,2014,624973.4,3.634148259,3.634148259,3.634148259
Ohio,2015,633274.8,1.328280532,1.328280532,1.328280532
Ohio,2016,638157.5,0.77102389,0.77102389,0.77102389
Ohio,2017,652187.5,2.198516824,2.198516824,2.198516824
Ohio,2018,656212,0.617077144,0.617077144,0.617077144
Ohio,2019,674063.9,2.720447051,2.720447051,2.720447051
Ohio,2020,655243.3,-2.792109175,-2.792109175,-2.792109175
Ohio,2021,690478.9,5.377483448,5.377483448,5.377483448
Ohio,2022,695257.9,0.692128318,0.692128318,0.692128318
Ohio,2023,709816.6,2.093999939,2.093999939,2.093999939
Ohio,2024,727262.4,2.457789801,2.457789801,2.457789801
Oklahoma,1997,111864.6,,,
Oklahoma,1998,114928.1,2.738578603,2.738578603,2.738578603
Oklahoma,1999,116968.4,1.775283851,1.775283851,1.775283851
Oklahoma,2000,121170.2,3.592252266,3.592252266,3.592252266
Oklahoma,2001,125695.7,3.734829191,3.734829191,3.734829191
Oklahoma,2002,127930.2,1.777705999,1.777705999,1.777705999
Oklahoma,2003,130147.8,1.733445269,1.733445269,1.733445269
Oklahoma,2004,134606.6,3.425951111,3.425951111,3.425951111
Oklahoma,2005,140360.1,4.274307501,4.274307501,4.274307501
Oklahoma,2006,149367.1,6.417065819,6.417065819,6.417065819
Oklahoma,2007,152879.6,2.351588804,2.351588804,2.351588804
Oklahoma,2008,158987.8,3.995431699,3.995431699,3.995431699
Oklahoma,2009,156856.8,-1.340354417,-1.340354417,-1.340354417
Oklahoma,2010,158086.4,0.78389971,0.78389971,0.78389971
Oklahoma,2011,163859.3,3.651737278,3.651737278,3.651737278
Oklahoma,2012,172016,4.977868208,4.977868208,4.977868208
Oklahoma,2013,176086.8,2.366524044,2.366524044,2.366524044
Oklahoma,2014,186574.4,5.955926282,5.955926282,5.955926282
Oklahoma,2015,193792.6,3.868805152,3.868805152,3.868805152
Oklahoma,2016,190093.5,-1.908793215,-1.908793215,-1.908793215
Oklahoma,2017,192538.6,1.286261761,1.286261761,1.286261761
Oklahoma,2018,196030.5,1.813610362,1.813610362,1.813610362
Oklahoma,2019,200072.2,2.061771,2.061771,2.061771
Oklahoma,2020,191560.9,-4.254114265,-4.254114265,-4.254114265
Oklahoma,2021,194132.8,1.342601752,1.342601752,1.342601752
Oklahoma,2022,193940.5,-0.099055904,-0.099055904,-0.099055904
Oklahoma,2023,207923.3,7.209840131,7.209840131,7.209840131
Oklahoma,2024,212783.8,2.337640851,2.337640851,2.337640851
Oregon,1997,124840.6,,,
Oregon,1998,130425.1,4.473304358,4.473304358,4.473304358
Oregon,1999,133761.7,2.558249907,2.558249907,2.558249907
Oregon,2000,145094.2,8.472156081,8.472156081,8.472156081
Oregon,2001,144486.5,-0.418831352,-0.418831352,-0.418831352
Oregon,2002,147432.8,2.039152447,2.039152447,2.039152447
Oregon,2003,154445.3,4.756404274,4.756404274,4.756404274
Oregon,2004,163046.1,5.56883246,5.56883246,5.56883246
Oregon,2005,168734.4,3.488767901,3.488767901,3.488767901
Oregon,2006,177222.4,5.030390958,5.030390958,5.030390958
Oregon,2007,180724.3,1.975991748,1.975991748,1.975991748
Oregon,2008,184842.6,2.278774907,2.278774907,2.278774907
Oregon,2009,176951.6,-4.269037549,-4.269037549,-4.269037549
Oregon,2010,180738.2,2.139907184,2.139907184,2.139907184
Oregon,2011,185959.4,2.888819298,2.888819298,2.888819298
Oregon,2012,187352.4,0.749088242,0.749088242,0.749088242
Oregon,2013,189609.7,1.204841785,1.204841785,1.204841785
Oregon,2014,195808.2,3.269083807,3.269083807,3.269083807
Oregon,2015,205581.8,4.991415068,4.991415068,4.991415068
Oregon,2016,214769.3,4.469024009,4.469024009,4.469024009
Oregon,2017,225534.5,5.012448241,5.012448241,5.012448241
Oregon,2018,234308.3,3.890225221,3.890225221,3.890225221
Oregon,2019,239794.8,2.341573047,2.341573047,2.341573047
Oregon,2020,237424.2,-0.988595249,-0.988595249,-0.988595249
Oregon,2021,250325.8,5.433986931,5.433986931,5.433986931
Oregon,2022,256062.7,2.291773361,2.291773361,2.291773361
Oregon,2023,261951.5,2.299749241,2.299749241,2.299749241
Oregon,2024,265146.9,1.219844131,1.219844131,1.219844131
Pennsylvania,1997,521711.8,,,
Pennsylvania,1998,534933.6,2.534311089,2.534311089,2.534311089
Pennsylvania,1999,552163.6,3.220960508,3.220960508,3.220960508
Pennsylvania,2000,566250.9,2.551290958,2.551290958,2.551290958
Pennsylvania,2001,577677.5,2.017939398,2.017939398,2.017939398
Pennsylvania,2002,583507.4,1.009196308,1.009196308,1.009196308
Pennsylvania,2003,598809.5,2.622434608,2.622434608,2.622434608
Pennsylvania,2004,614957.1,2.696617205,2.696617205,2.696617205
Pennsylvania,2005,626290.1,1.842892781,1.842892781,1.842892781
Pennsylvania,2006,626589.9,0.04786919,0.04786919,0.04786919
Pennsylvania,2007,649638.1,3.678354854,3.678354854,3.678354854
Pennsylvania,2008,665148.3,2.38751391,2.38751391,2.38751391
Pennsylvania,2009,645206.7,-2.99806825,-2.99806825,-2.99806825
Pennsylvania,2010,666805.8,3.347624877,3.347624877,3.347624877
Pennsylvania,2011,676468.3,1.449072579,1.449072579,1.449072579
Pennsylvania,2012,689007,1.853553226,1.853553226,1.853553226
Pennsylvania,2013,704195,2.204331741,2.204331741,2.204331741
Pennsylvania,2014,718691.6,2.058605926,2.058605926,2.058605926
Pennsylvania,2015,734145.1,2.150226885,2.150226885,2.150226885
Pennsylvania,2016,744847.1,1.457749973,1.457749973,1.457749973
Pennsylvania,2017,754318,1.271522706,1.271522706,1.271522706
Pennsylvania,2018,763855.4,1.264373911,1.264373911,1.264373911
Pennsylvania,2019,771852.5,1.046938989,1.046938989,1.046938989
Pennsylvania,2020,736381.3,-4.59559307,-4.59559307,-4.59559307
Pennsylvania,2021,765508.8,3.955491537,3.955491537,3.955491537
Pennsylvania,2022,779360.6,1.809489323,1.809489323,1.809489323
Pennsylvania,2023,799228.8,2.549294896,2.549294896,2.549294896
Pennsylvania,2024,818529.4,2.414902966,2.414902966,2.414902966
Rhode Island,1997,43434.7,,,
Rhode Island,1998,45381.3,4.481670185,4.481670185,4.481670185
Rhode Island,1999,46831.2,3.194928307,3.194928307,3.194928307
Rhode Island,2000,49113.6,4.873673961,4.873673961,4.873673961
Rhode Island,2001,49705.2,1.204554339,1.204554339,1.204554339
Rhode Island,2002,51284.3,3.176931186,3.176931186,3.176931186
Rhode Island,2003,52933.1,3.215019021,3.215019021,3.215019021
Rhode Island,2004,55160.5,4.207953058,4.207953058,4.207953058
Rhode Island,2005,55885.9,1.315071473,1.315071473,1.315071473
Rhode Island,2006,57415.8,2.737542028,2.737542028,2.737542028
Rhode Island,2007,56230.5,-2.064414325,-2.064414325,-2.064414325
Rhode Island,2008,54977.1,-2.2290394,-2.2290394,-2.2290394
Rhode Island,2009,54481.5,-0.901466247,-0.901466247,-0.901466247
Rhode Island,2010,56050.6,2.880060204,2.880060204,2.880060204
Rhode Island,2011,56026.6,-0.042818453,-0.042818453,-0.042818453
Rhode Island,2012,56487.4,0.822466471,0.822466471,0.822466471
Rhode Island,2013,57037.2,0.973314403,0.973314403,0.973314403
Rhode Island,2014,57602.7,0.991458206,0.991458206,0.991458206
Rhode Island,2015,58387.9,1.363130548,1.363130548,1.363130548
Rhode Island,2016,58630,0.414640705,0.414640705,0.414640705
Rhode Island,2017,58771.6,0.241514583,0.241514583,0.241514583
Rhode Island,2018,58740.1,-0.053597316,-0.053597316,-0.053597316
Rhode Island,2019,60157.6,2.413172603,2.413172603,2.413172603
Rhode Island,2020,58231.7,-3.201424259,-3.201424259,-3.201424259
Rhode Island,2021,60803,4.415636157,4.415636157,4.415636157
Rhode Island,2022,62279.4,2.428169663,2.428169663,2.428169663
Rhode Island,2023,63277,1.601813762,1.601813762,1.601813762
Rhode Island,2024,65281.5,3.16781769,3.16781769,3.16781769
South Carolina,1997,144972.7,,,
South Carolina,1998,150732.6,3.973092865,3.973092865,3.973092865
South Carolina,1999,157645.5,4.586200994,4.586200994,4.586200994
South Carolina,2000,161880.2,2.68621686,2.68621686,2.68621686
South Carolina,2001,162837.1,0.591116146,0.591116146,0.591116146
South Carolina,2002,167333,2.760980145,2.760980145,2.760980145
South Carolina,2003,174270.8,4.146103877,4.146103877,4.146103877
South Carolina,2004,177169.4,1.66327348,1.66327348,1.66327348
South Carolina,2005,183267.5,3.441960068,3.441960068,3.441960068
South Carolina,2006,187386.1,2.247316082,2.247316082,2.247316082
South Carolina,2007,193386.6,3.202211904,3.202211904,3.202211904
South Carolina,2008,192497.1,-0.45995948,-0.45995948,-0.45995948
South Carolina,2009,184081.3,-4.371910018,-4.371910018,-4.371910018
South Carolina,2010,188777.2,2.550992415,2.550992415,2.550992415
South Carolina,2011,193221,2.353991902,2.353991902,2.353991902
South Carolina,2012,195406.1,1.130881219,1.130881219,1.130881219
South Carolina,2013,200147.3,2.426331624,2.426331624,2.426331624
South Carolina,2014,206077.9,2.963117664,2.963117664,2.963117664
South Carolina,2015,213212.4,3.462040326,3.462040326,3.462040326
South Carolina,2016,220559.3,3.44581272,3.44581272,3.44581272
South Carolina,2017,224937.6,1.985089724,1.985089724,1.985089724
South Carolina,2018,231663.3,2.990029235,2.990029235,2.990029235
South Carolina,2019,239021.3,3.176161265,3.176161265,3.176161265
South Carolina,2020,233650.1,-2.247163746,-2.247163746,-2.247163746
South Carolina,2021,245752.1,5.179539833,5.179539833,5.179539833
South Carolina,2022,254504.5,3.561475161,3.561475161,3.561475161
South Carolina,2023,262298.5,3.062421293,3.062421293,3.062421293
South Carolina,2024,273324.6,4.203645846,4.203645846,4.203645846
South Dakota,1997,27116.2,,,
South Dakota,1998,28772.1,6.106681615,6.106681615,6.106681615
South Dakota,1999,30038.3,4.400791044,4.400791044,4.400791044
South Dakota,2000,32124.9,6.946465013,6.946465013,6.946465013
South Dakota,2001,32396.9,0.846695243,0.846695243,0.846695243
South Dakota,2002,35776,10.43031895,10.43031895,10.43031895
South Dakota,2003,36141.9,1.022752683,1.022752683,1.022752683
South Dakota,2004,37616.6,4.080305684,4.080305684,4.080305684
South Dakota,2005,39330.6,4.556498992,4.556498992,4.556498992
South Dakota,2006,39961.6,1.604348777,1.604348777,1.604348777
South Dakota,2007,41646.2,4.215546925,4.215546925,4.215546925
South Dakota,2008,43278.5,3.919445231,3.919445231,3.919445231
South Dakota,2009,44255.8,2.25816514,2.25816514,2.25816514
South Dakota,2010,44810.7,1.253846953,1.253846953,1.253846953
South Dakota,2011,47630.3,6.292247164,6.292247164,6.292247164
South Dakota,2012,48653.9,2.149052179,2.149052179,2.149052179
South Dakota,2013,48610.1,-0.090023616,-0.090023616,-0.090023616
South Dakota,2014,49640.9,2.120546965,2.120546965,2.120546965
South Dakota,2015,50860.8,2.457449402,2.457449402,2.457449402
South Dakota,2016,51264.3,0.793341827,0.793341827,0.793341827
South Dakota,2017,51615.1,0.684296869,0.684296869,0.684296869
South Dakota,2018,51937.8,0.62520464,0.62520464,0.62520464
South Dakota,2019,52510.2,1.102087497,1.102087497,1.102087497
South Dakota,2020,52770.7,0.496094092,0.496094092,0.496094092
South Dakota,2021,55515.9,5.202129212,5.202129212,5.202129212
South Dakota,2022,55259.8,-0.461309283,-0.461309283,-0.461309283
South Dakota,2023,57275.1,3.646954929,3.646954929,3.646954929
South Dakota,2024,57498.1,0.389348949,0.389348949,0.389348949
Tennessee,1997,226832.8,,,
Tennessee,1998,240963.4,6.229522362,6.229522362,6.229522362
Tennessee,1999,248457.5,3.110057378,3.110057378,3.110057378
Tennessee,2000,251030.2,1.035468843,1.035468843,1.035468843
Tennessee,2001,250311.4,-0.28634005,-0.28634005,-0.28634005
Tennessee,2002,258542.4,3.288304088,3.288304088,3.288304088
Tennessee,2003,267589.4,3.499232621,3.499232621,3.499232621
Tennessee,2004,281564.2,5.222478917,5.222478917,5.222478917
Tennessee,2005,289064.3,2.663726425,2.663726425,2.663726425
Tennessee,2006,295668.2,2.284578206,2.284578206,2.284578206
Tennessee,2007,294819.8,-0.28694327,-0.28694327,-0.28694327
Tennessee,2008,298526.9,1.257412155,1.257412155,1.257412155
Tennessee,2009,287308.8,-3.75781881,-3.75781881,-3.75781881
Tennessee,2010,292687,1.871923171,1.871923171,1.871923171
Tennessee,2011,301508.9,3.01410722,3.01410722,3.01410722
Tennessee,2012,311754.2,3.398009147,3.398009147,3.398009147
Tennessee,2013,318347.9,2.11503165,2.11503165,2.11503165
Tennessee,2014,323879.6,1.737627294,1.737627294,1.737627294
Tennessee,2015,335461.1,3.575865846,3.575865846,3.575865846
Tennessee,2016,343544.9,2.409757793,2.409757793,2.409757793
Tennessee,2017,355417.5,3.455909257,3.455909257,3.455909257
Tennessee,2018,362363.7,1.954377598,1.954377598,1.954377598
Tennessee,2019,370197.4,2.161833539,2.161833539,2.161833539
Tennessee,2020,367863.6,-0.630420419,-0.630420419,-0.630420419
Tennessee,2021,400243.6,8.802175589,8.802175589,8.802175589
Tennessee,2022,414470.8,3.554635227,3.554635227,3.554635227
Tennessee,2023,422087.7,1.837741042,1.837741042,1.837741042
Tennessee,2024,432266.2,2.411465674,2.411465674,2.411465674
Texas,1997,860046.9,,,
Texas,1998,920059.6,6.977840395,6.977840395,6.977840395
Texas,1999,957247.2,4.041868592,4.041868592,4.041868592
Texas,2000,989904.9,3.411626589,3.411626589,3.411626589
Texas,2001,1020517,3.092428374,3.092428374,3.092428374
Texas,2002,1042584.4,2.162374561,2.162374561,2.162374561
Texas,2003,1052132.3,0.915791566,0.915791566,0.915791566
Texas,2004,1111189.1,5.613058358,5.613058358,5.613058358
Texas,2005,1143413.1,2.899956452,2.899956452,2.899956452
Texas,2006,1225147.3,7.148265137,7.148265137,7.148265137
Texas,2007,1288828.7,5.197856617,5.197856617,5.197856617
Texas,2008,1287191.5,-0.12703007,-0.12703007,-0.12703007
Texas,2009,1285560.2,-0.126733279,-0.126733279,-0.126733279
Texas,2010,1323059.1,2.916930689,2.916930689,2.916930689
Texas,2011,1370174.9,3.561125879,3.561125879,3.561125879
Texas,2012,1438354.4,4.975970586,4.975970586,4.975970586
Texas,2013,1511806.5,5.106676074,5.106676074,5.106676074
Texas,2014,1559636.1,3.163738216,3.163738216,3.163738216
Texas,2015,1634127.1,4.776178238,4.776178238,4.776178238
Texas,2016,1633863.3,-0.016143175,-0.016143175,-0.016143175
Texas,2017,1667313,2.047276538,2.047276538,2.047276538
Texas,2018,1746543.3,4.751975184,4.751975184,4.751975184
Texas,2019,1806736.1,3.44639609,3.44639609,3.44639609
Texas,2020,1773657.1,-1.830870596,-1.830870596,-1.830870596
Texas,2021,1879101.3,5.945016091,5.945016091,5.945016091
Texas,2022,1952708.6,3.91715444,3.91715444,3.91715444
Texas,2023,2097090.4,7.393924521,7.393924521,7.393924521
Texas,2024,2172368.5,3.589644967,3.589644967,3.589644967
Utah,1997,86283.5,,,
Utah,1998,91312.7,5.828692624,5.828692624,5.828692624
Utah,1999,95206.8,4.264576559,4.264576559,4.264576559
Utah,2000,98648.5,3.61497288,3.61497288,3.61497288
Utah,2001,100244.3,1.617662712,1.617662712,1.617662712
Utah,2002,102828.1,2.57750316,2.57750316,2.57750316
Utah,2003,104829.2,1.946063382,1.946063382,1.946063382
Utah,2004,111318.9,6.190736932,6.190736932,6.190736932
Utah,2005,118430.2,6.388223383,6.388223383,6.388223383
Utah,2006,127539.4,7.691619198,7.691619198,7.691619198
Utah,2007,133799.8,4.908600793,4.908600793,4.908600793
Utah,2008,133662.9,-0.102317044,-0.102317044,-0.102317044
Utah,2009,130958.6,-2.023224096,-2.023224096,-2.023224096
Utah,2010,133739.1,2.123190077,2.123190077,2.123190077
Utah,2011,138301.1,3.411119112,3.411119112,3.411119112
Utah,2012,140622.5,1.678511595,1.678511595,1.678511595
Utah,2013,145026.9,3.132073459,3.132073459,3.132073459
Utah,2014,150076.3,3.481698912,3.481698912,3.481698912
Utah,2015,155431.5,3.568318249,3.568318249,3.568318249
Utah,2016,162528.2,4.565805516,4.565805516,4.565805516
Utah,2017,172075,5.873934493,5.873934493,5.873934493
Utah,2018,182106,5.829434839,5.829434839,5.829434839
Utah,2019,192760.6,5.850768234,5.850768234,5.850768234
Utah,2020,194750.2,1.032161137,1.032161137,1.032161137
Utah,2021,210446.9,8.059914701,8.059914701,8.059914701
Utah,2022,217442.5,3.324163958,3.324163958,3.324163958
Utah,2023,225459.4,3.686905734,3.686905734,3.686905734
Utah,2024,235715.5,4.548978663,4.548978663,4.548978663
Vermont,1997,21372.2,,,
Vermont,1998,22266.5,4.184407782,4.184407782,4.184407782
Vermont,1999,23561.7,5.816810006,5.816810006,5.816810006
Vermont,2000,24844.6,5.4448533,5.4448533,5.4448533
Vermont,2001,25681.8,3.369746343,3.369746343,3.369746343
Vermont,2002,26522.8,3.274692584,3.274692584,3.274692584
Vermont,2003,27548.1,3.865730617,3.865730617,3.865730617
Vermont,2004,28989.2,5.231213768,5.231213768,5.231213768
Vermont,2005,29283.2,1.014170795,1.014170795,1.014170795
Vermont,2006,29420.9,0.470235493,0.470235493,0.470235493
Vermont,2007,29296.6,-0.422488775,-0.422488775,-0.422488775
Vermont,2008,30168.6,2.976454606,2.976454606,2.976454606
Vermont,2009,29565.7,-1.998435459,-1.998435459,-1.998435459
Vermont,2010,30890.6,4.481206263,4.481206263,4.481206263
Vermont,2011,31663.6,2.502379365,2.502379365,2.502379365
Vermont,2012,31898.1,0.740598037,0.740598037,0.740598037
Vermont,2013,31494.6,-1.264965625,-1.264965625,-1.264965625
Vermont,2014,31847.7,1.121144577,1.121144577,1.121144577
Vermont,2015,32042.9,0.612917102,0.612917102,0.612917102
Vermont,2016,32312.7,0.841996199,0.841996199,0.841996199
Vermont,2017,32589.2,0.8557007,0.8557007,0.8557007
Vermont,2018,32827.8,0.732144391,0.732144391,0.732144391
Vermont,2019,33339.4,1.558435229,1.558435229,1.558435229
Vermont,2020,32252.7,-3.25950677,-3.25950677,-3.25950677
Vermont,2021,33721.9,4.555277543,4.555277543,4.555277543
Vermont,2022,34752.6,3.056470721,3.056470721,3.056470721
Vermont,2023,35236.6,1.392701553,1.392701553,1.392701553
Vermont,2024,36041.3,2.283705011,2.283705011,2.283705011
Virginia,1997,319992.6,,,
Virginia,1998,338931.5,5.918543116,5.918543116,5.918543116
Virginia,1999,356391.8,5.151571925,5.151571925,5.151571925
Virginia,2000,372914.1,4.635993308,4.635993308,4.635993308
Virginia,2001,386444.7,3.628342291,3.628342291,3.628342291
Virginia,2002,390242.4,0.98272793,0.98272793,0.98272793
Virginia,2003,404522.2,3.659212838,3.659212838,3.659212838
Virginia,2004,421744.4,4.257417763,4.257417763,4.257417763
Virginia,2005,442089.5,4.824035601,4.824035601,4.824035601
Virginia,2006,451263.1,2.075054938,2.075054938,2.075054938
Virginia,2007,457568.9,1.397366636,1.397366636,1.397366636
Virginia,2008,462034.7,0.975984163,0.975984163,0.975984163
Virginia,2009,460075.3,-0.424080702,-0.424080702,-0.424080702
Virginia,2010,475699.3,3.395965834,3.395965834,3.395965834
Virginia,2011,479571.4,0.813980597,0.813980597,0.813980597
Virginia,2012,483041.4,0.723562748,0.723562748,0.723562748
Virginia,2013,488741.3,1.180002377,1.180002377,1.180002377
Virginia,2014,488918.6,0.036276861,0.036276861,0.036276861
Virginia,2015,498943.6,2.050443571,2.050443571,2.050443571
Virginia,2016,505107.7,1.235430217,1.235430217,1.235430217
Virginia,2017,515167.2,1.991555464,1.991555464,1.991555464
Virginia,2018,527767.5,2.445866119,2.445866119,2.445866119
Virginia,2019,541028,2.512564718,2.512564718,2.512564718
Virginia,2020,534532.3,-1.200621779,-1.200621779,-1.200621779
Virginia,2021,565470.6,5.787919645,5.787919645,5.787919645
Virginia,2022,580475.2,2.653471286,2.653471286,2.653471286
Virginia,2023,597597.1,2.949635058,2.949635058,2.949635058
Virginia,2024,616057.7,3.08913815,3.08913815,3.08913815
Washington,1997,281522.2,,,
Washington,1998,299817,6.498528358,6.498528358,6.498528358
Washington,1999,322721.6,7.639526778,7.639526778,7.639526778
Washington,2000,325857.6,0.971735391,0.971735391,0.971735391
Washington,2001,317860.6,-2.454139477,-2.454139477,-2.454139477
Washington,2002,321977.1,1.295064566,1.295064566,1.295064566
Washington,2003,327645.2,1.7604047,1.7604047,1.7604047
Washington,2004,335449.3,2.381875272,2.381875272,2.381875272
Washington,2005,358396.3,6.840676072,6.840676072,6.840676072
Washington,2006,372145,3.836172416,3.836172416,3.836172416
Washington,2007,394221.9,5.932338202,5.932338202,5.932338202
Washington,2008,401093.2,1.743003116,1.743003116,1.743003116
Washington,2009,390814,-2.562795879,-2.562795879,-2.562795879
Washington,2010,403471.3,3.238701787,3.238701787,3.238701787
Washington,2011,411575.7,2.008668275,2.008668275,2.008668275
Washington,2012,426447,3.613259967,3.613259967,3.613259967
Washington,2013,439472.2,3.054353765,3.054353765,3.054353765
Washington,2014,456186.5,3.803266737,3.803266737,3.803266737
Washington,2015,476715.4,4.500111248,4.500111248,4.500111248
Washington,2016,495724.9,3.98759931,3.98759931,3.98759931
Washington,2017,527169.4,6.343135074,6.343135074,6.343135074
Washington,2018,561785.7,6.566447142,6.566447142,6.566447142
Washington,2019,588794.4,4.807651743,4.807651743,4.807651743
Washington,2020,589156.8,0.061549498,0.061549498,0.061549498
Washington,2021,630051.5,6.941225154,6.941225154,6.941225154
Washington,2022,644075.1,2.225786305,2.225786305,2.225786305
Washington,2023,677238,5.148918193,5.148918193,5.148918193
Washington,2024,702034.4,3.661401162,3.661401162,3.661401162
West Virginia,1997,60364.6,,,
West Virginia,1998,61725.7,2.254798342,2.254798342,2.254798342
West Virginia,1999,63691.7,3.18505906,3.18505906,3.18505906
West Virginia,2000,63364.6,-0.513567702,-0.513567702,-0.513567702
West Virginia,2001,63599.8,0.371185173,0.371185173,0.371185173
West Virginia,2002,64465.7,1.361482269,1.361482269,1.361482269
West Virginia,2003,65106.8,0.994482337,0.994482337,0.994482337
West Virginia,2004,66077.6,1.491088488,1.491088488,1.491088488
West Virginia,2005,67888.8,2.74101965,2.74101965,2.74101965
West Virginia,2006,68900,1.489494585,1.489494585,1.489494585
West Virginia,2007,69374.1,0.688098694,0.688098694,0.688098694
West Virginia,2008,70966.8,2.295813567,2.295813567,2.295813567
West Virginia,2009,70886.5,-0.113151502,-0.113151502,-0.113151502
West Virginia,2010,71823.8,1.32225459,1.32225459,1.32225459
West Virginia,2011,73175.2,1.881549013,1.881549013,1.881549013
West Virginia,2012,73124.5,-0.069285769,-0.069285769,-0.069285769
West Virginia,2013,73949,1.127529077,1.127529077,1.127529077
West Virginia,2014,74111.3,0.219475585,0.219475585,0.219475585
West Virginia,2015,74261.4,0.202533217,0.202533217,0.202533217
West Virginia,2016,73513.3,-1.007387418,-1.007387418,-1.007387418
West Virginia,2017,75172.4,2.256870525,2.256870525,2.256870525
West Virginia,2018,77406.5,2.971968435,2.971968435,2.971968435
West Virginia,2019,77162.2,-0.315606571,-0.315606571,-0.315606571
West Virginia,2020,74553.8,-3.380411652,-3.380411652,-3.380411652
West Virginia,2021,75765.1,1.624732743,1.624732743,1.624732743
West Virginia,2022,77188,1.878041473,1.878041473,1.878041473
West Virginia,2023,80798.2,4.677151889,4.677151889,4.677151889
West Virginia,2024,83653.6,3.533989619,3.533989619,3.533989619
Wisconsin,1997,222978.5,,,
Wisconsin,1998,232087.1,4.084967833,4.084967833,4.084967833
Wisconsin,1999,242026,4.282400874,4.282400874,4.282400874
Wisconsin,2000,248572,2.704668094,2.704668094,2.704668094
Wisconsin,2001,252941.8,1.757961476,1.757961476,1.757961476
Wisconsin,2002,257966.9,1.986662545,1.986662545,1.986662545
Wisconsin,2003,265745.8,3.015464387,3.015464387,3.015464387
Wisconsin,2004,275412.4,3.637536322,3.637536322,3.637536322
Wisconsin,2005,282065.7,2.415759058,2.415759058,2.415759058
Wisconsin,2006,287146.6,1.80131792,1.80131792,1.80131792
Wisconsin,2007,289855.2,0.943281237,0.943281237,0.943281237
Wisconsin,2008,286204.7,-1.259421946,-1.259421946,-1.259421946
Wisconsin,2009,277279.4,-3.118502247,-3.118502247,-3.118502247
Wisconsin,2010,287652.9,3.741172262,3.741172262,3.741172262
Wisconsin,2011,293664,2.089706031,2.089706031,2.089706031
Wisconsin,2012,299007.6,1.819630598,1.819630598,1.819630598
Wisconsin,2013,301550.5,0.850446611,0.850446611,0.850446611
Wisconsin,2014,309425.8,2.611602368,2.611602368,2.611602368
Wisconsin,2015,315687.8,2.023748504,2.023748504,2.023748504
Wisconsin,2016,319272.3,1.135457246,1.135457246,1.135457246
Wisconsin,2017,321886.8,0.818893465,0.818893465,0.818893465
Wisconsin,2018,328832.4,2.157777206,2.157777206,2.157777206
Wisconsin,2019,333256.8,1.345487853,1.345487853,1.345487853
Wisconsin,2020,322470.6,-3.236603124,-3.236603124,-3.236603124
Wisconsin,2021,334514,3.734728065,3.734728065,3.734728065
Wisconsin,2022,339747.9,1.564628087,1.564628087,1.564628087
Wisconsin,2023,344570.8,1.419552556,1.419552556,1.419552556
Wisconsin,2024,354075.9,2.758533225,2.758533225,2.758533225
Wyoming,1997,24257.7,,,
Wyoming,1998,24804.7,2.254954097,2.254954097,2.254954097
Wyoming,1999,25866.8,4.281849811,4.281849811,4.281849811
Wyoming,2000,26614.2,2.889418096,2.889418096,2.889418096
Wyoming,2001,28338.1,6.477369224,6.477369224,6.477369224
Wyoming,2002,28901.3,1.98743035,1.98743035,1.98743035
Wyoming,2003,29806.6,3.132385048,3.132385048,3.132385048
Wyoming,2004,30780.1,3.266055169,3.266055169,3.266055169
Wyoming,2005,32463.1,5.467818493,5.467818493,5.467818493
Wyoming,2006,36655.6,12.91466311,12.91466311,12.91466311
Wyoming,2007,39504.8,7.772891455,7.772891455,7.772891455
Wyoming,2008,41641.2,5.407950426,5.407950426,5.407950426
Wyoming,2009,40599.6,-2.501368837,-2.501368837,-2.501368837
Wyoming,2010,39135.8,-3.605454241,-3.605454241,-3.605454241
Wyoming,2011,38929.8,-0.526372273,-0.526372273,-0.526372273
Wyoming,2012,38085,-2.170059954,-2.170059954,-2.170059954
Wyoming,2013,38408.7,0.849940922,0.849940922,0.849940922
Wyoming,2014,39287.2,2.287242213,2.287242213,2.287242213
Wyoming,2015,40063.9,1.97697978,1.97697978,1.97697978
Wyoming,2016,37853.5,-5.517186295,-5.517186295,-5.517186295
Wyoming,2017,37620.3,-0.616059281,-0.616059281,-0.616059281
Wyoming,2018,37977.2,0.948689936,0.948689936,0.948689936
Wyoming,2019,38577.1,1.57963199,1.57963199,1.57963199
Wyoming,2020,36198.2,-6.166611798,-6.166611798,-6.166611798
Wyoming,2021,37131.8,2.579133769,2.579133769,2.579133769
Wyoming,2022,37827.2,1.872788284,1.872788284,1.872788284
Wyoming,2023,40210.8,6.301285847,6.301285847,6.301285847
Wyoming,2024,40516.2,0.759497448,0.759497448,0.759497448
