"State","Year","Revenue","Log_Revenue","sales","Region","Number"
"Alabama",1976,60307,11.0072034622133,33.34,"Southeast",3
"Alabama",1977,75874,11.2368293487033,33.34,"Southeast",3
"Alabama",1978,83161,11.3285337669117,33.34,"Southeast",3
"Alabama",1979,100610,11.5190069352861,33.34,"Southeast",3
"Alabama",1980,109238,11.6012842671081,33.34,"Southeast",3
"Alabama",1981,99095,11.5038342649584,33.34,"Southeast",3
"Alabama",1982,123218,11.7217104233055,33.34,"Southeast",3
"Alabama",1983,133717,11.8034809053437,33.34,"Southeast",3
"Alabama",1984,223816,12.3185795647084,33.34,"Southeast",3
"Alabama",1985,199998,12.2060626454802,33.34,"Southeast",3
"Alabama",1986,156745,11.9623755600598,33.34,"Southeast",3
"Alabama",1987,162699,11.9996571469067,33.34,"Southeast",3
"Alabama",1988,177657,12.087610003994,33.34,"Southeast",3
"Alabama",1989,215817,12.2821861053485,33.34,"Southeast",3
"Alabama",1990,179833,12.0997839214424,33.34,"Southeast",3
"Alabama",1991,168253,12.0332240779572,33.34,"Southeast",3
"Alabama",1992,164779,12.0123604611535,33.34,"Southeast",3
"Alabama",1993,189506,12.1521759652725,33.34,"Southeast",3
"Alabama",1994,218131,12.2928510787238,33.34,"Southeast",3
"Alabama",1995,236279,12.3727685891454,33.34,"Southeast",3
"Alabama",1996,217616,12.2904873206725,33.34,"Southeast",3
"Alabama",1997,226616,12.331012234086,33.34,"Southeast",3
"Alabama",1998,243803,12.4041158011218,33.34,"Southeast",3
"Alabama",1999,233024,12.3588967315351,33.34,"Southeast",3
"Alabama",2000,243099,12.4012240467622,33.34,"Southeast",3
"Alabama",2001,201533,12.2137084186719,33.34,"Southeast",3
"Alabama",2002,322636,12.6842800317516,33.34,"Southeast",3
"Alabama",2003,242411,12.3983899116856,33.34,"Southeast",3
"Alabama",2004,292051,12.5846837235338,33.34,"Southeast",3
"Alabama",2005,397308,12.8924670775174,33.34,"Southeast",3
"Alabama",2006,558768,13.2334896391561,33.34,"Southeast",3
"Alabama",2007,505886,13.1340666264439,33.34,"Southeast",3
"Alaska",1976,31103,10.3450595565376,33.34,"AK/HA",9
"Alaska",1977,35772,10.4849207434661,33.34,"AK/HA",9
"Alaska",1978,33504,10.4194201136703,33.34,"AK/HA",9
"Alaska",1979,256986,12.4567768876854,33.34,"AK/HA",9
"Alaska",1980,565329,13.2451631415422,33.34,"AK/HA",9
"Alaska",1981,894843,13.7044035628749,33.34,"AK/HA",9
"Alaska",1982,703663,13.4640548273482,33.34,"AK/HA",9
"Alaska",1983,266302,12.4923862821005,33.34,"AK/HA",9
"Alaska",1984,304621,12.6268236599426,33.34,"AK/HA",9
"Alaska",1985,204600,12.2288121324997,33.34,"AK/HA",9
"Alaska",1986,177751,12.0881389735287,33.34,"AK/HA",9
"Alaska",1987,141068,11.8569973226093,33.34,"AK/HA",9
"Alaska",1988,181387,12.108388149266,33.34,"AK/HA",9
"Alaska",1989,459686,13.0382989266862,33.34,"AK/HA",9
"Alaska",1990,185140,12.1288675746212,33.34,"AK/HA",9
"Alaska",1991,253649,12.4437067005467,33.34,"AK/HA",9
"Alaska",1992,200025,12.2061976377183,33.34,"AK/HA",9
"Alaska",1993,872260,13.6788428235863,33.34,"AK/HA",9
"Alaska",1994,176070,12.0786369222205,33.34,"AK/HA",9
"Alaska",1995,528005,13.1768610323405,33.34,"AK/HA",9
"Alaska",1996,326270,12.6954805384221,33.34,"AK/HA",9
"Alaska",1997,331337,12.7108912633078,33.34,"AK/HA",9
"Alaska",1998,275758,12.527278948481,33.34,"AK/HA",9
"Alaska",1999,211811,12.2634496465893,33.34,"AK/HA",9
"Alaska",2000,438438,12.9909736896917,33.34,"AK/HA",9
"Alaska",2001,400442,12.900324216027,33.34,"AK/HA",9
"Alaska",2002,269273,12.5034810138402,33.34,"AK/HA",9
"Alaska",2003,207075,12.2408363254665,33.34,"AK/HA",9
"Alaska",2004,339564,12.735417720733,33.34,"AK/HA",9
"Alaska",2005,588694,13.2856618030161,33.34,"AK/HA",9
"Alaska",2006,821664,13.6190868313494,33.34,"AK/HA",9
"Alaska",2007,813762,13.60942321894,33.34,"AK/HA",9
"Arizona",1976,46499,10.7471860859679,33.34,"Southwest",6
"Arizona",1977,51788,10.8549137411785,33.34,"Southwest",6
"Arizona",1978,63842,11.0641665599538,33.34,"Southwest",6
"Arizona",1979,89352,11.4003389042207,33.34,"Southwest",6
"Arizona",1980,117764,11.6764379007771,33.34,"Southwest",6
"Arizona",1981,126510,11.7480766354087,33.34,"Southwest",6
"Arizona",1982,114759,11.6505895562198,33.34,"Southwest",6
"Arizona",1983,160429,11.9856067560775,33.34,"Southwest",6
"Arizona",1984,197363,12.1927999517363,33.34,"Southwest",6
"Arizona",1985,202301,12.2175119662974,33.34,"Southwest",6
"Arizona",1986,170821,12.0483715035984,33.34,"Southwest",6
"Arizona",1987,198948,12.2007987630275,33.34,"Southwest",6
"Arizona",1988,148134,11.9058725485194,33.34,"Southwest",6
"Arizona",1989,200027,12.2062076364185,33.34,"Southwest",6
"Arizona",1990,179832,12.0997783607123,33.34,"Southwest",6
"Arizona",1991,192325,12.1669419283271,50,"Southwest",6
"Arizona",1992,210824,12.2587789411611,50,"Southwest",6
"Arizona",1993,244856,12.4084255616291,50,"Southwest",6
"Arizona",1994,303239,12.6222765524468,50,"Southwest",6
"Arizona",1995,417481,12.9419943132554,50,"Southwest",6
"Arizona",1996,448040,13.0126377931257,50,"Southwest",6
"Arizona",1997,600890,13.3061671684794,50,"Southwest",6
"Arizona",1998,528061,13.1769670863183,50,"Southwest",6
"Arizona",1999,545388,13.2092527469514,50,"Southwest",6
"Arizona",2000,523182,13.1676846748636,50,"Southwest",6
"Arizona",2001,541174,13.2014961327352,50,"Southwest",6
"Arizona",2002,346280,12.7550029753297,50,"Southwest",6
"Arizona",2003,389406,12.872377780122,50,"Southwest",6
"Arizona",2004,525650,13.172390871004,50,"Southwest",6
"Arizona",2005,701859,13.4614878081331,50,"Southwest",6
"Arizona",2006,890004,13.6989812360802,50,"Southwest",6
"Arizona",2007,986170,13.8015840325163,60,"Southwest",6
"Arkansas",1976,56197,10.9366186536741,33.34,"Southeast",3
"Arkansas",1977,67210,11.115577324964,33.34,"Southeast",3
"Arkansas",1978,83528,11.3329371839699,33.34,"Southeast",3
"Arkansas",1979,83608,11.3338944882743,33.34,"Southeast",3
"Arkansas",1980,83714,11.3351615065287,33.34,"Southeast",3
"Arkansas",1981,80683,11.2982831753134,33.34,"Southeast",3
"Arkansas",1982,91706,11.4263430868565,33.34,"Southeast",3
"Arkansas",1983,86921,11.3727549391362,33.34,"Southeast",3
"Arkansas",1984,106241,11.5734653773166,33.34,"Southeast",3
"Arkansas",1985,130231,11.7770650756545,33.34,"Southeast",3
"Arkansas",1986,113205,11.6369556133871,33.34,"Southeast",3
"Arkansas",1987,115620,11.6580642306365,33.34,"Southeast",3
"Arkansas",1988,116202,11.6630853349558,33.34,"Southeast",3
"Arkansas",1989,111671,11.6233123273563,33.34,"Southeast",3
"Arkansas",1990,130300,11.7775947631129,33.34,"Southeast",3
"Arkansas",1991,122240,11.7137416044003,33.34,"Southeast",3
"Arkansas",1992,125525,11.7402602209029,33.34,"Southeast",3
"Arkansas",1993,153926,11.9442272464288,33.34,"Southeast",3
"Arkansas",1994,184281,12.12421704556,33.34,"Southeast",3
"Arkansas",1995,191600,12.1631651445189,50,"Southeast",3
"Arkansas",1996,228801,12.3406079091076,50,"Southeast",3
"Arkansas",1997,229982,12.3457563239732,50,"Southeast",3
"Arkansas",1998,252870,12.4406308016596,50,"Southeast",3
"Arkansas",1999,212206,12.2653127799743,50,"Southeast",3
"Arkansas",2000,236969,12.3756846098742,50,"Southeast",3
"Arkansas",2001,202345,12.2177294403372,50,"Southeast",3
"Arkansas",2002,176874,12.0831928936534,50,"Southeast",3
"Arkansas",2003,176875,12.0831985473796,50,"Southeast",3
"Arkansas",2004,181830,12.1108274636134,50,"Southeast",3
"Arkansas",2005,277311,12.5328948990465,50,"Southeast",3
"Arkansas",2006,368523,12.8172584038605,50,"Southeast",3
"Arkansas",2007,362983,12.8021112801944,50,"Southeast",3
"California",1976,1284068,14.0655437213313,33.34,"Far West",8
"California",1977,1641595,14.311178888145,33.34,"Far West",8
"California",1978,2076270,14.5460835726146,33.34,"Far West",8
"California",1979,2374712,14.68038672494,33.34,"Far West",8
"California",1980,2507183,14.7346703700887,33.34,"Far West",8
"California",1981,2731111,14.8202190440825,33.34,"Far West",8
"California",1982,2643946,14.7877830561445,33.34,"Far West",8
"California",1983,2553948,14.7531509551481,33.34,"Far West",8
"California",1984,3218856,14.9845365748908,33.34,"Far West",8
"California",1985,3658093,15.1124525313386,33.34,"Far West",8
"California",1986,3833261,15.1592264349221,33.34,"Far West",8
"California",1987,4758950,15.3755376136391,33.34,"Far West",8
"California",1988,4781873,15.3803428687222,33.34,"Far West",8
"California",1989,5062844,15.4374389387057,33.34,"Far West",8
"California",1990,4928377,15.4105202828928,33.34,"Far West",8
"California",1991,4440479,15.3062728114724,33.34,"Far West",8
"California",1992,4518418,15.3236724905441,33.34,"Far West",8
"California",1993,4727879,15.368987245524,50,"Far West",8
"California",1994,4633449,15.34881207315,50,"Far West",8
"California",1995,5747929,15.5643501739823,50,"Far West",8
"California",1996,5831072,15.5787114179243,50,"Far West",8
"California",1997,5803652,15.5739979325394,50,"Far West",8
"California",1998,5587671,15.5360731214625,50,"Far West",8
"California",1999,5459199,15.5128126336624,50,"Far West",8
"California",2000,6638762,15.7084360582863,50,"Far West",8
"California",2001,6899302,15.7469308050302,50,"Far West",8
"California",2002,5333036,15.4894312399819,50,"Far West",8
"California",2003,6803559,15.7329564155825,50,"Far West",8
"California",2004,6925916,15.7507808756584,50,"Far West",8
"California",2005,8670065,15.9753868458451,50,"Far West",8
"California",2006,10316467,16.149251914443,50,"Far West",8
"California",2007,11157898,16.2276581459226,50,"Far West",8
"Colorado",1976,69597,11.1504767419453,33.34,"Rocky Mountain",7
"Colorado",1977,80575,11.2969437066836,33.34,"Rocky Mountain",7
"Colorado",1978,86202,11.3644486582388,33.34,"Rocky Mountain",7
"Colorado",1979,112292,11.628857900433,33.34,"Rocky Mountain",7
"Colorado",1980,110607,11.6137386572068,33.34,"Rocky Mountain",7
"Colorado",1981,103465,11.5469886702459,33.34,"Rocky Mountain",7
"Colorado",1982,91400,11.4230007574422,33.34,"Rocky Mountain",7
"Colorado",1983,56184,10.9363872978389,33.34,"Rocky Mountain",7
"Colorado",1984,87721,11.3819166023756,33.34,"Rocky Mountain",7
"Colorado",1985,101654,11.5293301689955,33.34,"Rocky Mountain",7
"Colorado",1986,116937,11.669390607219,33.34,"Rocky Mountain",7
"Colorado",1987,124085,11.7287220936214,33.34,"Rocky Mountain",7
"Colorado",1988,146776,11.8966628940586,33.34,"Rocky Mountain",7
"Colorado",1989,171176,12.0504475459468,33.34,"Rocky Mountain",7
"Colorado",1990,123357,11.7228378694353,33.34,"Rocky Mountain",7
"Colorado",1991,114514,11.6484523652443,33.34,"Rocky Mountain",7
"Colorado",1992,123458,11.7236562962379,33.34,"Rocky Mountain",7
"Colorado",1993,137748,11.8331812078535,33.34,"Rocky Mountain",7
"Colorado",1994,146042,11.8916495305539,33.34,"Rocky Mountain",7
"Colorado",1995,190026,12.1549161838859,33.34,"Rocky Mountain",7
"Colorado",1996,205700,12.234174075641,33.34,"Rocky Mountain",7
"Colorado",1997,224275,12.3206282564275,33.34,"Rocky Mountain",7
"Colorado",1998,271143,12.5104016359669,33.34,"Rocky Mountain",7
"Colorado",1999,301043,12.6150083906708,33.34,"Rocky Mountain",7
"Colorado",2000,334980,12.7218261075325,33.34,"Rocky Mountain",7
"Colorado",2001,340039,12.7368155958965,33.34,"Rocky Mountain",7
"Colorado",2002,205217,12.2318232348511,33.34,"Rocky Mountain",7
"Colorado",2003,199853,12.2053373752852,33.34,"Rocky Mountain",7
"Colorado",2004,239591,12.3866885819136,33.34,"Rocky Mountain",7
"Colorado",2005,315834,12.6629720380863,33.34,"Rocky Mountain",7
"Colorado",2006,457673,13.0339102342965,33.34,"Rocky Mountain",7
"Colorado",2007,479445,13.0803844639113,33.34,"Rocky Mountain",7
"Connecticut",1976,143685,11.8753786824851,33.34,"New England",1
"Connecticut",1977,201742,12.2147449323101,33.34,"New England",1
"Connecticut",1978,199569,12.2039153201763,33.34,"New England",1
"Connecticut",1979,231139,12.3507745401378,33.34,"New England",1
"Connecticut",1980,246139,12.4136516959895,33.34,"New England",1
"Connecticut",1981,248720,12.4240830447326,33.34,"New England",1
"Connecticut",1982,349283,12.7636377608445,33.34,"New England",1
"Connecticut",1983,357364,12.7865101491579,50,"New England",1
"Connecticut",1984,401801,12.9037122201603,50,"New England",1
"Connecticut",1985,489507,13.1011540411569,50,"New England",1
"Connecticut",1986,616824,13.3323390109801,50,"New England",1
"Connecticut",1987,630687,13.3545649804209,50,"New England",1
"Connecticut",1988,601212,13.3067028967416,50,"New England",1
"Connecticut",1989,799953,13.5923082549242,50,"New England",1
"Connecticut",1990,679726,13.4294450547732,50,"New England",1
"Connecticut",1991,515879,13.1536275208412,50,"New England",1
"Connecticut",1992,593720,13.2941631067387,50,"New England",1
"Connecticut",1993,713381,13.4777709185273,50,"New England",1
"Connecticut",1994,701942,13.461606058512,50,"New England",1
"Connecticut",1995,698918,13.457288703891,50,"New England",1
"Connecticut",1996,641389,13.3713914161097,50,"New England",1
"Connecticut",1997,567955,13.2497974692127,50,"New England",1
"Connecticut",1998,534939,13.1899080006859,50,"New England",1
"Connecticut",1999,474512,13.0700421864911,50,"New England",1
"Connecticut",2000,426617,12.963641934202,50,"New England",1
"Connecticut",2001,387812,12.8682759650974,50,"New England",1
"Connecticut",2002,149454,11.9147439321582,50,"New England",1
"Connecticut",2003,344684,12.7503833342533,50,"New England",1
"Connecticut",2004,379822,12.8474580009065,50,"New England",1
"Connecticut",2005,574984,13.2620974933054,50,"New England",1
"Connecticut",2006,634990,13.3613645297193,50,"New England",1
"Connecticut",2007,894317,13.7038155774346,50,"New England",1
"Delaware",1976,22861,10.037187680924,33.34,"Mideast",2
"Delaware",1977,29036,10.2762917184047,33.34,"Mideast",2
"Delaware",1978,41900,10.6430411059102,33.34,"Mideast",2
"Delaware",1979,50091,10.8215966302171,33.34,"Mideast",2
"Delaware",1980,40553,10.6103650395443,33.34,"Mideast",2
"Delaware",1981,32914,10.4016533781553,33.34,"Mideast",2
"Delaware",1982,36138,10.4951002222718,33.34,"Mideast",2
"Delaware",1983,29790,10.3019280457073,33.34,"Mideast",2
"Delaware",1984,44857,10.7112349311166,33.34,"Mideast",2
"Delaware",1985,82480,11.3203111186908,33.34,"Mideast",2
"Delaware",1986,81065,11.3030065809842,33.34,"Mideast",2
"Delaware",1987,105097,11.5626390122141,33.34,"Mideast",2
"Delaware",1988,119323,11.6895893807866,33.34,"Mideast",2
"Delaware",1989,155400,11.9537577169157,33.34,"Mideast",2
"Delaware",1990,117802,11.6767605279842,33.34,"Mideast",2
"Delaware",1991,122457,11.7155152269367,33.34,"Mideast",2
"Delaware",1992,128737,11.7655268425543,33.34,"Mideast",2
"Delaware",1993,113748,11.641740754241,33.34,"Mideast",2
"Delaware",1994,155070,11.9516319068582,33.34,"Mideast",2
"Delaware",1995,193649,12.173802520974,33.34,"Mideast",2
"Delaware",1996,166021,12.0198695653616,33.34,"Mideast",2
"Delaware",1997,172562,12.0585118711674,33.34,"Mideast",2
"Delaware",1998,205274,12.2321009510513,33.34,"Mideast",2
"Delaware",1999,232528,12.356765926866,33.34,"Mideast",2
"Delaware",2000,240319,12.3897224864307,33.34,"Mideast",2
"Delaware",2001,158703,11.9747898099275,33.34,"Mideast",2
"Delaware",2002,251643,12.4357666954059,33.34,"Mideast",2
"Delaware",2003,208283,12.2466530108604,33.34,"Mideast",2
"Delaware",2004,217768,12.2911855549034,33.34,"Mideast",2
"Delaware",2005,248869,12.4246819325877,33.34,"Mideast",2
"Delaware",2006,295577,12.5966846571806,33.34,"Mideast",2
"Delaware",2007,302222,12.6189171256416,33.34,"Mideast",2
"Florida",1976,180740,12.1048148134559,50,NA,NA
"Florida",1977,194199,12.1766386854955,50,NA,NA
"Florida",1978,256189,12.4536707323162,50,NA,NA
"Florida",1979,314409,12.6584499650817,50,NA,NA
"Florida",1980,371405,12.8250483903842,50,NA,NA
"Florida",1981,402471,12.9053783235556,50,NA,NA
"Florida",1982,383827,12.8579472092215,50,NA,NA
"Florida",1983,371453,12.8251776210045,50,NA,NA
"Florida",1984,365446,12.8088738044389,50,NA,NA
"Florida",1985,454088,13.0260462908395,50,NA,NA
"Florida",1986,486925,13.0958653860981,50,NA,NA
"Florida",1987,596434,13.2987238689668,50,NA,NA
"Florida",1988,624032,13.343956928088,50,NA,NA
"Florida",1989,725364,13.4944288768079,50,NA,NA
"Florida",1990,698825,13.4571556322174,50,NA,NA
"Florida",1991,582149,13.2744817076934,50,NA,NA
"Florida",1992,695114,13.4518311398727,50,NA,NA
"Florida",1993,755900,13.5356643712803,50,NA,NA
"Florida",1994,950235,13.7644646014073,50,NA,NA
"Florida",1995,944969,13.758907401705,50,NA,NA
"Florida",1996,1007556,13.8230381543848,50,NA,NA
"Florida",1997,1232731,14.0247425912724,50,NA,NA
"Florida",1998,1271261,14.0555198792082,50,NA,NA
"Florida",1999,1266959,14.0521300988744,50,NA,NA
"Florida",2000,1182796,13.9833916851489,50,NA,NA
"Florida",2001,1591473,14.2801705604331,50,NA,NA
"Florida",2002,1218864,14.0134298353813,50,NA,NA
"Florida",2003,1226980,14.0200664236417,50,NA,NA
"Florida",2004,1441338,14.1810824068107,50,NA,NA
"Florida",2005,1785213,14.395048293808,50,NA,NA
"Florida",2006,2405863,14.6934192329147,50,NA,NA
"Florida",2007,2442516,14.7085392135429,50,NA,NA
"Georgia",1976,132741,11.7961551401957,33.34,NA,NA
"Georgia",1977,170885,12.0487460946255,33.34,NA,NA
"Georgia",1978,203823,12.225007249144,33.34,NA,NA
"Georgia",1979,226125,12.3288432226976,33.34,NA,NA
"Georgia",1980,239713,12.3871976534116,33.34,NA,NA
"Georgia",1981,252235,12.4381164716311,33.34,NA,NA
"Georgia",1982,267683,12.4975587235697,33.34,NA,NA
"Georgia",1983,238834,12.3835240289252,33.34,NA,NA
"Georgia",1984,315960,12.6633709022784,33.34,NA,NA
"Georgia",1985,418251,12.9438370097607,33.34,NA,NA
"Georgia",1986,418119,12.9435213599859,33.34,NA,NA
"Georgia",1987,449176,13.0151700721021,33.34,NA,NA
"Georgia",1988,478969,13.0793911561359,33.34,NA,NA
"Georgia",1989,525015,13.1711821125942,33.34,NA,NA
"Georgia",1990,478218,13.0778219744523,33.34,NA,NA
"Georgia",1991,416558,12.9397809865961,33.34,NA,NA
"Georgia",1992,375286,12.8354436809368,33.34,NA,NA
"Georgia",1993,470710,13.0619974721179,33.34,NA,NA
"Georgia",1994,521399,13.1642708625664,33.34,NA,NA
"Georgia",1995,653296,13.3897855980487,50,NA,NA
"Georgia",1996,719400,13.4861728102437,50,NA,NA
"Georgia",1997,726321,13.4957473448483,50,NA,NA
"Georgia",1998,739738,13.5140513484344,50,NA,NA
"Georgia",1999,793173,13.5837966357141,50,NA,NA
"Georgia",2000,712421,13.4764243077846,50,NA,NA
"Georgia",2001,691473,13.4465793837715,50,NA,NA
"Georgia",2002,568080,13.250017532856,50,NA,NA
"Georgia",2003,484139,13.0901273345502,50,NA,NA
"Georgia",2004,494701,13.1117088186409,50,NA,NA
"Georgia",2005,712310,13.4762684888964,50,NA,NA
"Georgia",2006,890732,13.6997988755738,80,NA,NA
"Georgia",2007,1017187,13.8325515322675,90,NA,NA
"Hawaii",1976,35354,10.4731668190958,33.34,NA,NA
"Hawaii",1977,27605,10.2257521947181,33.34,NA,NA
"Hawaii",1978,28995,10.2748786803105,33.34,NA,NA
"Hawaii",1979,39876,10.5935299181426,33.34,NA,NA
"Hawaii",1980,50259,10.8249449143616,33.34,NA,NA
"Hawaii",1981,52745,10.8732242601159,33.34,NA,NA
"Hawaii",1982,43202,10.6736420694569,33.34,NA,NA
"Hawaii",1983,22026,9.99997885272489,33.34,NA,NA
"Hawaii",1984,36978,10.5180784201903,33.34,NA,NA
"Hawaii",1985,48717,10.7937833241332,33.34,NA,NA
"Hawaii",1986,43661,10.6842105341018,33.34,NA,NA
"Hawaii",1987,76793,11.2488687691484,33.34,NA,NA
"Hawaii",1988,78053,11.2651433621043,33.34,NA,NA
"Hawaii",1989,88099,11.3862164611221,33.34,NA,NA
"Hawaii",1990,94750,11.4589971229447,33.34,NA,NA
"Hawaii",1991,116380,11.6646159782107,33.34,NA,NA
"Hawaii",1992,67768,11.1238453861114,33.34,NA,NA
"Hawaii",1993,53127,10.8804405525769,33.34,NA,NA
"Hawaii",1994,68429,11.1335519903661,33.34,NA,NA
"Hawaii",1995,47296,10.7641810043079,33.34,NA,NA
"Hawaii",1996,65547,11.0905227215541,33.34,NA,NA
"Hawaii",1997,67570,11.1209193765462,33.34,NA,NA
"Hawaii",1998,61755,11.0309302228721,33.34,NA,NA
"Hawaii",1999,52414,10.8669290101966,33.34,NA,NA
"Hawaii",2000,75271,11.2288502134458,33.34,NA,NA
"Hawaii",2001,60499,11.0103821149567,33.34,NA,NA
"Hawaii",2002,52640,10.8712315659992,33.34,NA,NA
"Hawaii",2003,30603,10.3288533223506,33.34,NA,NA
"Hawaii",2004,58119,10.9702479117551,33.34,NA,NA
"Hawaii",2005,124125,11.7290444013475,33.34,NA,NA
"Hawaii",2006,148084,11.9055349593083,33.34,NA,NA
"Hawaii",2007,100847,11.5213597957907,33.34,NA,NA
"Idaho",1976,31752,10.3657109944629,33.34,NA,NA
"Idaho",1977,31034,10.3428386566434,33.34,NA,NA
"Idaho",1978,33326,10.4140931520986,33.34,NA,NA
"Idaho",1979,39247,10.5776302871684,33.34,NA,NA
"Idaho",1980,42604,10.6597034245631,33.34,NA,NA
"Idaho",1981,50875,10.8371269227449,33.34,NA,NA
"Idaho",1982,41136,10.6246389295057,33.34,NA,NA
"Idaho",1983,31114,10.3454131576471,33.34,NA,NA
"Idaho",1984,25374,10.1414803067005,33.34,NA,NA
"Idaho",1985,42682,10.6615325646739,33.34,NA,NA
"Idaho",1986,42652,10.6608294451381,33.34,NA,NA
"Idaho",1987,47308,10.764434693371,33.34,NA,NA
"Idaho",1988,61352,11.0243830494447,33.34,NA,NA
"Idaho",1989,71621,11.1791436060352,33.34,NA,NA
"Idaho",1990,72692,11.1939866162012,33.34,NA,NA
"Idaho",1991,59712,10.997288284207,33.34,NA,NA
"Idaho",1992,68171,11.1297745334586,33.34,NA,NA
"Idaho",1993,71029,11.1708435233344,33.34,NA,NA
"Idaho",1994,90061,11.4082424975026,33.34,NA,NA
"Idaho",1995,129470,11.7712044730527,50,NA,NA
"Idaho",1996,152735,11.9364596725393,50,NA,NA
"Idaho",1997,138277,11.8370141986889,50,NA,NA
"Idaho",1998,117694,11.6758433148887,50,NA,NA
"Idaho",1999,96146,11.4736231484875,50,NA,NA
"Idaho",2000,125860,11.7429254570809,50,NA,NA
"Idaho",2001,141986,11.8634837401736,50,NA,NA
"Idaho",2002,76769,11.2485561918155,50,NA,NA
"Idaho",2003,93490,11.4456097576854,50,NA,NA
"Idaho",2004,103784,11.5500670952508,50,NA,NA
"Idaho",2005,140585,11.8535675670344,50,NA,NA
"Idaho",2006,198302,12.1975464001857,50,NA,NA
"Idaho",2007,188229,12.1454145856547,50,NA,NA
"Illinois",1976,312131,12.651178250465,33.34,NA,NA
"Illinois",1977,384410,12.8594649703081,33.34,NA,NA
"Illinois",1978,376098,12.8376050267096,33.34,NA,NA
"Illinois",1979,489178,13.1004817104021,33.34,NA,NA
"Illinois",1980,797927,13.5897723935508,33.34,NA,NA
"Illinois",1981,835017,13.6352073629072,33.34,NA,NA
"Illinois",1982,714196,13.4789127134547,33.34,NA,NA
"Illinois",1983,603900,13.311163900296,33.34,NA,NA
"Illinois",1984,563961,13.2427403791531,33.34,NA,NA
"Illinois",1985,706009,13.4673832642695,33.34,NA,NA
"Illinois",1986,859707,13.6643469125046,33.34,NA,NA
"Illinois",1987,862435,13.6675150627289,50,NA,NA
"Illinois",1988,973704,13.7888626349999,50,NA,NA
"Illinois",1989,1073022,13.8859895246645,50,NA,NA
"Illinois",1990,939149,13.7527294250484,50,NA,NA
"Illinois",1991,940759,13.7544422752449,50,NA,NA
"Illinois",1992,970531,13.7855986233788,50,NA,NA
"Illinois",1993,1097305,13.9083677316075,50,NA,NA
"Illinois",1994,1229274,14.0219343091837,50,NA,NA
"Illinois",1995,1481460,14.2085386459688,50,NA,NA
"Illinois",1996,1621276,14.2987240514927,50,NA,NA
"Illinois",1997,1803931,14.4054787305362,50,NA,NA
"Illinois",1998,1961566,14.4892536917843,50,NA,NA
"Illinois",1999,2103927,14.5593161564203,66.67,NA,NA
"Illinois",2000,2261293,14.6314473315418,83.33,NA,NA
"Illinois",2001,2216842,14.6115942185802,100,NA,NA
"Illinois",2002,1383823,14.1403605168077,100,NA,NA
"Illinois",2003,1293188,14.0726210454832,100,NA,NA
"Illinois",2004,1278538,14.0612277956025,100,NA,NA
"Illinois",2005,2183066,14.5962408686985,100,NA,NA
"Illinois",2006,2400270,14.6910917889905,100,NA,NA
"Illinois",2007,2936360,14.8926812770037,100,NA,NA
"Indiana",1976,85487,11.3561195965809,33.34,NA,NA
"Indiana",1977,86198,11.3644022545265,33.34,NA,NA
"Indiana",1978,192068,12.1656047549744,33.34,NA,NA
"Indiana",1979,126876,11.7509655105205,33.34,NA,NA
"Indiana",1980,179191,12.0962075550475,33.34,NA,NA
"Indiana",1981,154873,11.950360705208,33.34,NA,NA
"Indiana",1982,125845,11.7428062699371,33.34,NA,NA
"Indiana",1983,139968,11.8491691040364,33.34,NA,NA
"Indiana",1984,129939,11.7748203885453,33.34,NA,NA
"Indiana",1985,178346,12.091480762725,33.34,NA,NA
"Indiana",1986,183565,12.1203241071877,33.34,NA,NA
"Indiana",1987,235709,12.3703532723276,33.34,NA,NA
"Indiana",1988,261125,12.4727544988589,33.34,NA,NA
"Indiana",1989,282022,12.5497403610617,33.34,NA,NA
"Indiana",1990,340978,12.7395732380554,33.34,NA,NA
"Indiana",1991,310394,12.6455977372075,33.34,NA,NA
"Indiana",1992,672100,13.4181624179581,33.34,NA,NA
"Indiana",1993,656228,13.3942635685165,33.34,NA,NA
"Indiana",1994,798600,13.5906154736113,33.34,NA,NA
"Indiana",1995,874305,13.6811845640134,33.34,NA,NA
"Indiana",1996,894403,13.7039117355813,50,NA,NA
"Indiana",1997,904265,13.7148777380096,50,NA,NA
"Indiana",1998,928218,13.7410218979735,50,NA,NA
"Indiana",1999,989627,13.8050833834392,50,NA,NA
"Indiana",2000,924623,13.7371413658488,50,NA,NA
"Indiana",2001,825017,13.6231592711651,50,NA,NA
"Indiana",2002,709412,13.472191736882,50,NA,NA
"Indiana",2003,729164,13.4996539513963,50,NA,NA
"Indiana",2004,644787,13.376675308681,50,NA,NA
"Indiana",2005,824802,13.6228986365122,50,NA,NA
"Indiana",2006,1043873,13.8584483925155,50,NA,NA
"Indiana",2007,987111,13.8025377740983,60,NA,NA
"Iowa",1976,77831,11.2622950883869,100,NA,NA
"Iowa",1977,91894,11.4283910178555,100,NA,NA
"Iowa",1978,108961,11.5987452990211,100,NA,NA
"Iowa",1979,130074,11.7758587982566,100,NA,NA
"Iowa",1980,138564,11.8390875917399,100,NA,NA
"Iowa",1981,135868,11.8194391051571,100,NA,NA
"Iowa",1982,147115,11.8989698728388,100,NA,NA
"Iowa",1983,138483,11.8385028533936,100,NA,NA
"Iowa",1984,132093,11.7912614989474,100,NA,NA
"Iowa",1985,154412,11.94737963376,100,NA,NA
"Iowa",1986,138588,11.8392607819031,100,NA,NA
"Iowa",1987,149602,11.9157337134171,100,NA,NA
"Iowa",1988,158040,11.9706034445253,100,NA,NA
"Iowa",1989,202685,12.2194083287152,100,NA,NA
"Iowa",1990,199558,12.2038601998762,100,NA,NA
"Iowa",1991,201929,12.2156714294494,100,NA,NA
"Iowa",1992,192818,12.1695020177966,100,NA,NA
"Iowa",1993,167046,12.0260245025716,100,NA,NA
"Iowa",1994,174285,12.0684471692851,100,NA,NA
"Iowa",1995,220675,12.3044463098884,100,NA,NA
"Iowa",1996,202929,12.2206114431513,100,NA,NA
"Iowa",1997,221041,12.3061034836551,100,NA,NA
"Iowa",1998,196841,12.1901515752352,100,NA,NA
"Iowa",1999,234540,12.3653814280151,100,NA,NA
"Iowa",2000,214605,12.2765544080685,100,NA,NA
"Iowa",2001,166745,12.0242209783208,100,NA,NA
"Iowa",2002,88310,11.3886086304628,100,NA,NA
"Iowa",2003,140031,11.8496191056512,100,NA,NA
"Iowa",2004,89826,11.4056297446779,100,NA,NA
"Iowa",2005,186469,12.1360202844108,100,NA,NA
"Iowa",2006,284976,12.5601602451786,100,NA,NA
"Iowa",2007,325077,12.691817356327,100,NA,NA
"Kansas",1976,92848,11.4387190264304,33.34,NA,NA
"Kansas",1977,122712,11.7175954254279,33.34,NA,NA
"Kansas",1978,128513,11.7637853455155,33.34,NA,NA
"Kansas",1979,141115,11.8573304397739,33.34,NA,NA
"Kansas",1980,149517,11.9151653777227,33.34,NA,NA
"Kansas",1981,150421,11.9211933084104,33.34,NA,NA
"Kansas",1982,122549,11.7162662289882,33.34,NA,NA
"Kansas",1983,141347,11.8589731389842,33.34,NA,NA
"Kansas",1984,136665,11.8252879548161,33.34,NA,NA
"Kansas",1985,159670,11.9808644643337,33.34,NA,NA
"Kansas",1986,156344,11.9598139867099,33.34,NA,NA
"Kansas",1987,137061,11.8281813611879,33.34,NA,NA
"Kansas",1988,195520,12.1834179549654,33.34,NA,NA
"Kansas",1989,198305,12.1975615285117,33.34,NA,NA
"Kansas",1990,210462,12.2570603932431,33.34,NA,NA
"Kansas",1991,212950,12.2688126753514,33.34,NA,NA
"Kansas",1992,198998,12.2010500534049,33.34,NA,NA
"Kansas",1993,219074,12.2971648512668,33.34,NA,NA
"Kansas",1994,254892,12.4485952050149,33.34,NA,NA
"Kansas",1995,261408,12.4738376841416,33.34,NA,NA
"Kansas",1996,254873,12.4485206608622,33.34,NA,NA
"Kansas",1997,291080,12.581353422461,33.34,NA,NA
"Kansas",1998,305914,12.6310592956821,33.34,NA,NA
"Kansas",1999,253840,12.4444594262571,33.34,NA,NA
"Kansas",2000,272432,12.5151443206604,33.34,NA,NA
"Kansas",2001,236723,12.3746459601942,33.34,NA,NA
"Kansas",2002,121931,11.7112105899477,33.34,NA,NA
"Kansas",2003,124519,11.7322135936849,33.34,NA,NA
"Kansas",2004,166609,12.0234050288644,33.34,NA,NA
"Kansas",2005,248085,12.42152670836,33.34,NA,NA
"Kansas",2006,381259,12.8512342131825,33.34,NA,NA
"Kansas",2007,527427,13.1757657461302,33.34,NA,NA
"Kentucky",1976,134785,11.8114361953043,33.34,NA,NA
"Kentucky",1977,131254,11.78488965618,33.34,NA,NA
"Kentucky",1978,138597,11.839325720482,33.34,NA,NA
"Kentucky",1979,163368,12.0037606037959,33.34,NA,NA
"Kentucky",1980,158846,11.9756904583923,33.34,NA,NA
"Kentucky",1981,154786,11.9497987967714,33.34,NA,NA
"Kentucky",1982,166815,12.0246406929211,33.34,NA,NA
"Kentucky",1983,172120,12.0559471869525,33.34,NA,NA
"Kentucky",1984,198261,12.1973396234559,33.34,NA,NA
"Kentucky",1985,211284,12.2609584790144,33.34,NA,NA
"Kentucky",1986,233524,12.3610401345351,50,NA,NA
"Kentucky",1987,267378,12.4964186665181,50,NA,NA
"Kentucky",1988,255760,12.4519947837337,50,NA,NA
"Kentucky",1989,310803,12.6469145499387,50,NA,NA
"Kentucky",1990,279483,12.5406967468295,50,NA,NA
"Kentucky",1991,319351,12.6740460903454,50,NA,NA
"Kentucky",1992,271027,12.5099737258953,50,NA,NA
"Kentucky",1993,254775,12.4481360816969,50,NA,NA
"Kentucky",1994,269067,12.502715698203,50,NA,NA
"Kentucky",1995,340912,12.7393796584451,50,NA,NA
"Kentucky",1996,284733,12.5593071780347,50,NA,NA
"Kentucky",1997,292753,12.587084529059,50,NA,NA
"Kentucky",1998,333666,12.7178957716253,50,NA,NA
"Kentucky",1999,312067,12.6509731873273,50,NA,NA
"Kentucky",2000,306450,12.6328098889139,50,NA,NA
"Kentucky",2001,361390,12.7977129865859,50,NA,NA
"Kentucky",2002,302129,12.6186093574713,50,NA,NA
"Kentucky",2003,369572,12.8201008583042,50,NA,NA
"Kentucky",2004,381538,12.8519657315614,50,NA,NA
"Kentucky",2005,478505,13.0784219391413,50,NA,NA
"Kentucky",2006,1001619,13.8171282487966,50,NA,NA
"Kentucky",2007,988065,13.8035037640397,50,NA,NA
"Louisiana",1976,87741,11.3821445719655,33.34,NA,NA
"Louisiana",1977,95248,11.4642392953932,33.34,NA,NA
"Louisiana",1978,186956,12.1386285740331,33.34,NA,NA
"Louisiana",1979,214083,12.2741190692767,33.34,NA,NA
"Louisiana",1980,249338,12.4265646846909,33.34,NA,NA
"Louisiana",1981,266611,12.4935459461906,33.34,NA,NA
"Louisiana",1982,291953,12.584348109391,33.34,NA,NA
"Louisiana",1983,321372,12.6803546096355,33.34,NA,NA
"Louisiana",1984,262100,12.4764813893115,33.34,NA,NA
"Louisiana",1985,293598,12.5899667637102,33.34,NA,NA
"Louisiana",1986,263815,12.4830033789073,33.34,NA,NA
"Louisiana",1987,191189,12.1610177465637,33.34,NA,NA
"Louisiana",1988,219894,12.300900891041,33.34,NA,NA
"Louisiana",1989,344584,12.7500931713538,33.34,NA,NA
"Louisiana",1990,393978,12.8840503491576,33.34,NA,NA
"Louisiana",1991,326659,12.6966720923155,33.34,NA,NA
"Louisiana",1992,232061,12.3547555471226,33.34,NA,NA
"Louisiana",1993,245273,12.4101271548856,33.34,NA,NA
"Louisiana",1994,219190,12.2976942125774,33.34,NA,NA
"Louisiana",1995,283076,12.5534706918087,33.34,NA,NA
"Louisiana",1996,327543,12.6993746231486,33.34,NA,NA
"Louisiana",1997,380155,12.848334343273,50,NA,NA
"Louisiana",1998,359510,12.7924972721681,50,NA,NA
"Louisiana",1999,286323,12.5648758231721,50,NA,NA
"Louisiana",2000,222008,12.3104686962412,50,NA,NA
"Louisiana",2001,293056,12.5881189960168,50,NA,NA
"Louisiana",2002,264419,12.4852902451947,50,NA,NA
"Louisiana",2003,198716,12.1996319487002,50,NA,NA
"Louisiana",2004,236745,12.3747388915011,50,NA,NA
"Louisiana",2005,352136,12.7717727435974,50,NA,NA
"Louisiana",2006,506174,13.1346357626764,50,NA,NA
"Louisiana",2007,752773,13.5315190005102,50,NA,NA
"Maine",1976,32642,10.3933550817106,33.34,NA,NA
"Maine",1977,35200,10.4688013615862,33.34,NA,NA
"Maine",1978,34307,10.4431046939649,33.34,NA,NA
"Maine",1979,41240,10.6271639381309,33.34,NA,NA
"Maine",1980,45086,10.7163270560141,33.34,NA,NA
"Maine",1981,39193,10.5762534384042,33.34,NA,NA
"Maine",1982,36090,10.4937710976368,33.34,NA,NA
"Maine",1983,33043,10.4055650225444,33.34,NA,NA
"Maine",1984,52004,10.8590759176821,33.34,NA,NA
"Maine",1985,53537,10.8881282826318,33.34,NA,NA
"Maine",1986,51870,10.8564958673454,33.34,NA,NA
"Maine",1987,68336,11.1321919930812,33.34,NA,NA
"Maine",1988,84704,11.3469181050268,33.34,NA,NA
"Maine",1989,96333,11.4755662182129,33.34,NA,NA
"Maine",1990,57658,10.9622842844999,33.34,NA,NA
"Maine",1991,76053,11.2391857446412,50,NA,NA
"Maine",1992,69921,11.1551213122866,50,NA,NA
"Maine",1993,74933,11.2243496599251,50,NA,NA
"Maine",1994,91955,11.4290546059331,50,NA,NA
"Maine",1995,63290,11.0554826177694,50,NA,NA
"Maine",1996,71062,11.1713080144083,50,NA,NA
"Maine",1997,97146,11.4839702805148,50,NA,NA
"Maine",1998,107125,11.5817516559001,50,NA,NA
"Maine",1999,147489,11.9015088757099,50,NA,NA
"Maine",2000,150046,11.9186971927324,50,NA,NA
"Maine",2001,96283,11.4750470505308,50,NA,NA
"Maine",2002,77366,11.2563026865819,50,NA,NA
"Maine",2003,91188,11.4206785884578,50,NA,NA
"Maine",2004,111616,11.6228196878286,50,NA,NA
"Maine",2005,135863,11.819402304056,50,NA,NA
"Maine",2006,188016,12.1442823445737,50,NA,NA
"Maine",2007,183852,12.1218863651038,100,NA,NA
"Maryland",1976,109254,11.6014307255599,33.34,NA,NA
"Maryland",1977,115297,11.655266686838,33.34,NA,NA
"Maryland",1978,126802,11.7503820937315,33.34,NA,NA
"Maryland",1979,145571,11.8884192190824,33.34,NA,NA
"Maryland",1980,165857,12.0188812502979,33.34,NA,NA
"Maryland",1981,156338,11.9597756090611,33.34,NA,NA
"Maryland",1982,148857,11.9107413925468,33.34,NA,NA
"Maryland",1983,148423,11.9078215842292,33.34,NA,NA
"Maryland",1984,198364,12.1978590057557,33.34,NA,NA
"Maryland",1985,246123,12.4135866899562,33.34,NA,NA
"Maryland",1986,250331,12.4305393211293,33.34,NA,NA
"Maryland",1987,270489,12.5079867110074,33.34,NA,NA
"Maryland",1988,313070,12.6541820866906,33.34,NA,NA
"Maryland",1989,331079,12.7101122965767,33.34,NA,NA
"Maryland",1990,292552,12.5863977076312,33.34,NA,NA
"Maryland",1991,255488,12.450930720791,33.34,NA,NA
"Maryland",1992,216946,12.2874037536285,50,NA,NA
"Maryland",1993,260401,12.469978029555,50,NA,NA
"Maryland",1994,320068,12.676288752201,50,NA,NA
"Maryland",1995,365759,12.8097299255516,50,NA,NA
"Maryland",1996,330553,12.7085222885033,50,NA,NA
"Maryland",1997,343499,12.7469394794322,50,NA,NA
"Maryland",1998,378714,12.8445365817833,50,NA,NA
"Maryland",1999,404967,12.9115608612874,50,NA,NA
"Maryland",2000,431109,12.974116237344,50,NA,NA
"Maryland",2001,501365,13.1250896577226,50,NA,NA
"Maryland",2002,359420,12.792246900086,50,NA,NA
"Maryland",2003,379020,12.8453442531208,50,NA,NA
"Maryland",2004,569700,13.2528651854685,50,NA,NA
"Maryland",2005,807054,13.6011458595116,50,NA,NA
"Maryland",2006,846863,13.6492942132081,50,NA,NA
"Maryland",2007,782030,13.569648381963,50,NA,NA
"Massachusetts",1976,325122,12.6919557754881,50,NA,NA
"Massachusetts",1977,397237,12.8922883588792,50,NA,NA
"Massachusetts",1978,404777,12.9110915771594,50,NA,NA
"Massachusetts",1979,483281,13.0883535440043,50,NA,NA
"Massachusetts",1980,532383,13.1851184341143,50,NA,NA
"Massachusetts",1981,536069,13.1920181631111,50,NA,NA
"Massachusetts",1982,598283,13.3018191651352,50,NA,NA
"Massachusetts",1983,660654,13.4009855324672,50,NA,NA
"Massachusetts",1984,729634,13.5002983175337,50,NA,NA
"Massachusetts",1985,851283,13.6544999022143,50,NA,NA
"Massachusetts",1986,1080049,13.8925169684416,50,NA,NA
"Massachusetts",1987,1113164,13.9227169689087,50,NA,NA
"Massachusetts",1988,1068341,13.8816175359301,50,NA,NA
"Massachusetts",1989,1189321,13.988893114005,50,NA,NA
"Massachusetts",1990,871195,13.6776211113741,50,NA,NA
"Massachusetts",1991,719569,13.486407700642,50,NA,NA
"Massachusetts",1992,756781,13.5368291906964,50,NA,NA
"Massachusetts",1993,959332,13.7739924879063,50,NA,NA
"Massachusetts",1994,1062930,13.8765398037917,50,NA,NA
"Massachusetts",1995,1205667,14.0025434987383,50,NA,NA
"Massachusetts",1996,1227861,14.0207841891001,50,NA,NA
"Massachusetts",1997,1213366,14.0089088736593,50,NA,NA
"Massachusetts",1998,1354899,14.1192374707724,50,NA,NA
"Massachusetts",1999,1249673,14.0383924750552,50,NA,NA
"Massachusetts",2000,1306353,14.0827498432613,50,NA,NA
"Massachusetts",2001,1211584,14.0074391523696,50,NA,NA
"Massachusetts",2002,812257,13.6075720715305,50,NA,NA
"Massachusetts",2003,1184610,13.9849241644574,50,NA,NA
"Massachusetts",2004,1301076,14.0787021723911,50,NA,NA
"Massachusetts",2005,1332796,14.1027895491897,50,NA,NA
"Massachusetts",2006,1859109,14.4356078986587,50,NA,NA
"Massachusetts",2007,2106898,14.5607272815528,50,NA,NA
"Michigan",1976,334484,12.7203443248205,33.34,NA,NA
"Michigan",1977,789379,13.5790018393741,33.34,NA,NA
"Michigan",1978,908680,13.7197482759772,33.34,NA,NA
"Michigan",1979,991555,13.8070296969113,33.34,NA,NA
"Michigan",1980,910732,13.7220039507447,33.34,NA,NA
"Michigan",1981,943909,13.7577850421759,33.34,NA,NA
"Michigan",1982,952280,13.7666143881764,33.34,NA,NA
"Michigan",1983,1004269,13.8197704716343,33.34,NA,NA
"Michigan",1984,1289915,14.070086882694,33.34,NA,NA
"Michigan",1985,1391863,14.1461536954928,33.34,NA,NA
"Michigan",1986,1449598,14.186796834579,33.34,NA,NA
"Michigan",1987,1524371,14.2370924239226,33.34,NA,NA
"Michigan",1988,1856105,14.4339907640039,33.34,NA,NA
"Michigan",1989,1862126,14.4372294037026,33.34,NA,NA
"Michigan",1990,1815601,14.4119271003464,33.34,NA,NA
"Michigan",1991,1593109,14.2811980109079,40,NA,NA
"Michigan",1992,1729549,14.3633712388458,40,NA,NA
"Michigan",1993,1843420,14.4271331,50,NA,NA
"Michigan",1994,2174644,14.5923755309473,50,NA,NA
"Michigan",1995,2130395,14.571817966502,50,NA,NA
"Michigan",1996,2189742,14.5992942866336,50,NA,NA
"Michigan",1997,2228753,14.6169527942046,80,NA,NA
"Michigan",1998,2354764,14.6719510680968,80,NA,NA
"Michigan",1999,2413615,14.6966361815906,90,NA,NA
"Michigan",2000,2382496,14.6836592356004,90,NA,NA
"Michigan",2001,2102093,14.5584440730179,90,NA,NA
"Michigan",2002,2065241,14.5407574845893,90,NA,NA
"Michigan",2003,1843072,14.4269443026279,90,NA,NA
"Michigan",2004,1841010,14.425824892031,90,NA,NA
"Michigan",2005,1907190,14.4611415125508,90,NA,NA
"Michigan",2006,1886168,14.4500578156209,92.5,NA,NA
"Michigan",2007,1786213,14.3956082942258,92.5,NA,NA
"Minnesota",1976,196436,12.1880919574942,33.34,NA,NA
"Minnesota",1977,258095,12.4610830131828,33.34,NA,NA
"Minnesota",1978,292853,12.5874260556178,33.34,NA,NA
"Minnesota",1979,356734,12.7847456849991,33.34,NA,NA
"Minnesota",1980,381217,12.8511240457804,33.34,NA,NA
"Minnesota",1981,331718,12.7120404893657,33.34,NA,NA
"Minnesota",1982,325295,12.692487741916,33.34,NA,NA
"Minnesota",1983,253970,12.4449714287889,33.34,NA,NA
"Minnesota",1984,305498,12.6296985109275,33.34,NA,NA
"Minnesota",1985,383264,12.8564793257472,33.34,NA,NA
"Minnesota",1986,367312,12.8139669021154,33.34,NA,NA
"Minnesota",1987,422999,12.9551250939594,70,NA,NA
"Minnesota",1988,411960,12.9286815362397,70,NA,NA
"Minnesota",1989,487818,13.0976976644522,70,NA,NA
"Minnesota",1990,481854,13.0853964425836,70,NA,NA
"Minnesota",1991,458271,13.0352159911659,70,NA,NA
"Minnesota",1992,422812,12.9546829147893,70,NA,NA
"Minnesota",1993,509534,13.1412518615087,70,NA,NA
"Minnesota",1994,551822,13.2209808094885,70,NA,NA
"Minnesota",1995,665756,13.4086785160276,70,NA,NA
"Minnesota",1996,703099,13.4632529859134,70,NA,NA
"Minnesota",1997,699234,13.4577407291435,70,NA,NA
"Minnesota",1998,753188,13.5320701436149,70,NA,NA
"Minnesota",1999,779176,13.5659922300148,70,NA,NA
"Minnesota",2000,803357,13.5965544769457,70,NA,NA
"Minnesota",2001,732004,13.5035412574094,75,NA,NA
"Minnesota",2002,533901,13.1879657074965,75,NA,NA
"Minnesota",2003,596584,13.2989753320642,75,NA,NA
"Minnesota",2004,637183,13.3648121774405,75,NA,NA
"Minnesota",2005,933896,13.7471203619748,75,NA,NA
"Minnesota",2006,1071884,13.8849284058026,75,NA,NA
"Minnesota",2007,1183816,13.984253676944,78,NA,NA
"Mississippi",1976,41128,10.6244444337353,33.34,NA,NA
"Mississippi",1977,45873,10.7336319876763,33.34,NA,NA
"Mississippi",1978,52710,10.8725604698493,33.34,NA,NA
"Mississippi",1979,58324,10.9737689514362,33.34,NA,NA
"Mississippi",1980,64369,11.0723874297388,33.34,NA,NA
"Mississippi",1981,63832,11.0640099109881,33.34,NA,NA
"Mississippi",1982,70987,11.1702520406673,33.34,NA,NA
"Mississippi",1983,68794,11.1388718108162,33.34,NA,NA
"Mississippi",1984,110196,11.6100158774015,33.34,NA,NA
"Mississippi",1985,106484,11.5757500181035,33.34,NA,NA
"Mississippi",1986,97301,11.4855645456136,33.34,NA,NA
"Mississippi",1987,102865,11.5411727279083,33.34,NA,NA
"Mississippi",1988,96170,11.4738727377065,33.34,NA,NA
"Mississippi",1989,142787,11.869109288329,33.34,NA,NA
"Mississippi",1990,119985,11.695122013951,33.34,NA,NA
"Mississippi",1991,139823,11.8481326159937,33.34,NA,NA
"Mississippi",1992,146308,11.8934692676731,33.34,NA,NA
"Mississippi",1993,171049,12.0497053441449,33.34,NA,NA
"Mississippi",1994,167873,12.0309630201284,33.34,NA,NA
"Mississippi",1995,203339,12.2226298159455,33.34,NA,NA
"Mississippi",1996,201742,12.2147449323101,33.34,NA,NA
"Mississippi",1997,225924,12.3279539385127,33.34,NA,NA
"Mississippi",1998,244301,12.4061563505653,33.34,NA,NA
"Mississippi",1999,229501,12.3436626657717,33.34,NA,NA
"Mississippi",2000,227716,12.3358545174795,33.34,NA,NA
"Mississippi",2001,210786,12.2585986797816,33.34,NA,NA
"Mississippi",2002,195814,12.1849205080546,33.34,NA,NA
"Mississippi",2003,288778,12.5734135058139,33.34,NA,NA
"Mississippi",2004,243846,12.4042921574769,100,NA,NA
"Mississippi",2005,283231,12.5540180980879,100,NA,NA
"Mississippi",2006,316981,12.6665971141546,100,NA,NA
"Mississippi",2007,369205,12.8191073243144,100,NA,NA
"Missouri",1976,83680,11.3347552792988,33.34,NA,NA
"Missouri",1977,105772,11.5690411130967,33.34,NA,NA
"Missouri",1978,111952,11.6258254869857,33.34,NA,NA
"Missouri",1979,129953,11.7749281256054,33.34,NA,NA
"Missouri",1980,135103,11.8137927294752,33.34,NA,NA
"Missouri",1981,128282,11.7619862445805,33.34,NA,NA
"Missouri",1982,123072,11.7205248289485,33.34,NA,NA
"Missouri",1983,118625,11.6837225359122,33.34,NA,NA
"Missouri",1984,165652,12.0176444813044,33.34,NA,NA
"Missouri",1985,160564,11.9864478959651,33.34,NA,NA
"Missouri",1986,174199,12.0679536028559,33.34,NA,NA
"Missouri",1987,235352,12.3688375447749,33.34,NA,NA
"Missouri",1988,224228,12.3204186703147,33.34,NA,NA
"Missouri",1989,243226,12.4017463312546,33.34,NA,NA
"Missouri",1990,221471,12.3080469343879,33.34,NA,NA
"Missouri",1991,224759,12.322783996026,33.34,NA,NA
"Missouri",1992,229730,12.3446599852862,33.34,NA,NA
"Missouri",1993,192718,12.1689832594848,33.34,NA,NA
"Missouri",1994,252392,12.4387387134258,33.34,NA,NA
"Missouri",1995,369424,12.8197003148588,33.34,NA,NA
"Missouri",1996,425542,12.9611189295274,33.34,NA,NA
"Missouri",1997,411045,12.926457976536,33.34,NA,NA
"Missouri",1998,357904,12.7880200729979,33.34,NA,NA
"Missouri",1999,276523,12.5300492791252,100,NA,NA
"Missouri",2000,265467,12.4892458181537,100,NA,NA
"Missouri",2001,236261,12.3726924051186,100,NA,NA
"Missouri",2002,300459,12.6130665843808,100,NA,NA
"Missouri",2003,205729,12.2343150477167,100,NA,NA
"Missouri",2004,224366,12.3210339259996,100,NA,NA
"Missouri",2005,218229,12.2933002491411,100,NA,NA
"Missouri",2006,343689,12.7474924576705,100,NA,NA
"Missouri",2007,390657,12.8755852161175,100,NA,NA
"Montana",1976,23020,10.0441186822759,33.34,NA,NA
"Montana",1977,24957,10.124909622952,33.34,NA,NA
"Montana",1978,29239,10.2832587135525,33.34,NA,NA
"Montana",1979,36092,10.4938265131144,33.34,NA,NA
"Montana",1980,45623,10.7281672543075,33.34,NA,NA
"Montana",1981,52901,10.8761775212594,33.34,NA,NA
"Montana",1982,44630,10.7061615576233,33.34,NA,NA
"Montana",1983,35825,10.4864012526964,33.34,NA,NA
"Montana",1984,35396,10.4743540983872,33.34,NA,NA
"Montana",1985,62671,11.0456540996895,33.34,NA,NA
"Montana",1986,58585,10.9782339701023,33.34,NA,NA
"Montana",1987,34568,10.4506836776118,33.34,NA,NA
"Montana",1988,46200,10.7407350770698,33.34,NA,NA
"Montana",1989,56140,10.9356038499159,33.34,NA,NA
"Montana",1990,80316,11.2937241328886,33.34,NA,NA
"Montana",1991,70784,11.167388265442,33.34,NA,NA
"Montana",1992,57683,10.962717781702,33.34,NA,NA
"Montana",1993,85054,11.3510416278762,33.34,NA,NA
"Montana",1994,68872,11.1400049883378,33.34,NA,NA
"Montana",1995,75520,11.2321528008194,33.34,NA,NA
"Montana",1996,75762,11.2353521266667,33.34,NA,NA
"Montana",1997,81999,11.3144623310501,33.34,NA,NA
"Montana",1998,77928,11.2635406024508,33.34,NA,NA
"Montana",1999,89624,11.4033784202386,33.34,NA,NA
"Montana",2000,99772,11.5106428618127,33.34,NA,NA
"Montana",2001,103670,11.5489680563172,33.34,NA,NA
"Montana",2002,68173,11.1298038710165,33.34,NA,NA
"Montana",2003,44137,10.6950537119368,33.34,NA,NA
"Montana",2004,67723,11.1231811353249,33.34,NA,NA
"Montana",2005,98214,11.4949040503724,33.34,NA,NA
"Montana",2006,153675,11.9425952617752,33.34,NA,NA
"Montana",2007,178707,12.0935028721766,33.34,NA,NA
"Nebraska",1976,28514,10.2581504737139,33.34,NA,NA
"Nebraska",1977,41946,10.64413835574,33.34,NA,NA
"Nebraska",1978,47067,10.7593273975011,33.34,NA,NA
"Nebraska",1979,49985,10.8194782394013,33.34,NA,NA
"Nebraska",1980,57579,10.960913196874,33.34,NA,NA
"Nebraska",1981,54128,10.8991068910205,33.34,NA,NA
"Nebraska",1982,48498,10.7892778389619,33.34,NA,NA
"Nebraska",1983,51635,10.8519550161055,33.34,NA,NA
"Nebraska",1984,66909,11.1110887662161,33.34,NA,NA
"Nebraska",1985,48959,10.798738492141,33.34,NA,NA
"Nebraska",1986,54559,10.9070379639036,33.34,NA,NA
"Nebraska",1987,67423,11.1187414849799,33.34,NA,NA
"Nebraska",1988,73783,11.2088836317499,46.67,NA,NA
"Nebraska",1989,80624,11.2975516509204,60,NA,NA
"Nebraska",1990,71948,11.1836989148479,73.33,NA,NA
"Nebraska",1991,81948,11.3138401787491,86.67,NA,NA
"Nebraska",1992,103617,11.5484566880099,100,NA,NA
"Nebraska",1993,102755,11.540102792975,100,NA,NA
"Nebraska",1994,113142,11.636398945955,100,NA,NA
"Nebraska",1995,123924,11.7274237534594,100,NA,NA
"Nebraska",1996,126801,11.7503742073895,100,NA,NA
"Nebraska",1997,137338,11.8302003196688,100,NA,NA
"Nebraska",1998,142150,11.8646381170791,100,NA,NA
"Nebraska",1999,135034,11.8132818775631,100,NA,NA
"Nebraska",2000,140022,11.8495548321029,100,NA,NA
"Nebraska",2001,138040,11.8352987772119,100,NA,NA
"Nebraska",2002,107628,11.586436115906,100,NA,NA
"Nebraska",2003,111597,11.6226494468476,100,NA,NA
"Nebraska",2004,167429,12.0283146597875,100,NA,NA
"Nebraska",2005,198380,12.1979396623,100,NA,NA
"Nebraska",2006,262296,12.4772289160246,100,NA,NA
"Nebraska",2007,213027,12.2691741972215,100,NA,NA
"New Hampshire",1976,24146,10.0918740138923,33.34,NA,NA
"New Hampshire",1977,32563,10.3909319534642,33.34,NA,NA
"New Hampshire",1978,52453,10.8676728095195,33.34,NA,NA
"New Hampshire",1979,64018,11.0669195727984,33.34,NA,NA
"New Hampshire",1980,62786,11.0474873976674,33.34,NA,NA
"New Hampshire",1981,57339,10.9567362994527,33.34,NA,NA
"New Hampshire",1982,79808,11.2873790290397,33.34,NA,NA
"New Hampshire",1983,73960,11.2112796855011,33.34,NA,NA
"New Hampshire",1984,95664,11.4685973311207,33.34,NA,NA
"New Hampshire",1985,95421,11.4660539589984,33.34,NA,NA
"New Hampshire",1986,99063,11.5035112903596,33.34,NA,NA
"New Hampshire",1987,159747,11.9813465927207,33.34,NA,NA
"New Hampshire",1988,145680,11.8891677144015,33.34,NA,NA
"New Hampshire",1989,152005,11.9316686940242,33.34,NA,NA
"New Hampshire",1990,126589,11.7487008970815,33.34,NA,NA
"New Hampshire",1991,122205,11.7134552414129,33.34,NA,NA
"New Hampshire",1992,95635,11.4682941408246,50,NA,NA
"New Hampshire",1993,126169,11.745377557076,50,NA,NA
"New Hampshire",1994,144157,11.8786582624148,50,NA,NA
"New Hampshire",1995,166451,12.0224562507953,50,NA,NA
"New Hampshire",1996,179652,12.0987769252378,50,NA,NA
"New Hampshire",1997,208388,12.2471570056296,50,NA,NA
"New Hampshire",1998,236193,12.3724045464045,50,NA,NA
"New Hampshire",1999,255818,12.4522215331258,50,NA,NA
"New Hampshire",2000,312176,12.6513224103097,50,NA,NA
"New Hampshire",2001,350363,12.7667250388617,50,NA,NA
"New Hampshire",2002,377313,12.8408303606994,50,NA,NA
"New Hampshire",2003,396162,12.8895784974908,50,NA,NA
"New Hampshire",2004,407603,12.9180489404606,50,NA,NA
"New Hampshire",2005,476489,13.0741999168152,50,NA,NA
"New Hampshire",2006,542644,13.2042087669624,50,NA,NA
"New Hampshire",2007,595789,13.2976418565196,50,NA,NA
"New Jersey",1976,228966,12.3413287998977,33.34,NA,NA
"New Jersey",1977,332775,12.7152218649152,33.34,NA,NA
"New Jersey",1978,398227,12.8947774734366,33.34,NA,NA
"New Jersey",1979,429861,12.9712171795974,33.34,NA,NA
"New Jersey",1980,497205,13.1167576948835,33.34,NA,NA
"New Jersey",1981,574920,13.2619861796652,33.34,NA,NA
"New Jersey",1982,724869,13.4937462278553,33.34,NA,NA
"New Jersey",1983,664415,13.4066622332274,33.34,NA,NA
"New Jersey",1984,830106,13.6293086824618,33.34,NA,NA
"New Jersey",1985,923166,13.7355643456349,33.34,NA,NA
"New Jersey",1986,954885,13.7693461933638,33.34,NA,NA
"New Jersey",1987,1088311,13.9001375111402,33.34,NA,NA
"New Jersey",1988,1181849,13.9825907192105,33.34,NA,NA
"New Jersey",1989,1309625,14.0852513946553,33.34,NA,NA
"New Jersey",1990,1123096,13.9315997153741,33.34,NA,NA
"New Jersey",1991,1030620,13.8456711208591,33.34,NA,NA
"New Jersey",1992,845823,13.6480653968407,33.34,NA,NA
"New Jersey",1993,946641,13.7606752084257,33.34,NA,NA
"New Jersey",1994,1085055,13.8971412349162,33.34,NA,NA
"New Jersey",1995,1028947,13.8440465071729,33.34,NA,NA
"New Jersey",1996,1155270,13.9598446408527,33.34,NA,NA
"New Jersey",1997,1263979,14.0497752396269,50,NA,NA
"New Jersey",1998,1178053,13.9793736336926,50,NA,NA
"New Jersey",1999,1333955,14.1036587717553,50,NA,NA
"New Jersey",2000,1347336,14.1136398674938,50,NA,NA
"New Jersey",2001,1300785,14.0784784863439,50,NA,NA
"New Jersey",2002,1101296,13.9119982260753,50,NA,NA
"New Jersey",2003,2397043,14.6897464523461,50,NA,NA
"New Jersey",2004,1896998,14.4557831946203,50,NA,NA
"New Jersey",2005,2224633,14.6151025161575,50,NA,NA
"New Jersey",2006,2508428,14.7351668200827,50,NA,NA
"New Jersey",2007,2887137,14.8757759116238,50,NA,NA
"New Mexico",1976,23504,10.0649258984137,33.34,NA,NA
"New Mexico",1977,29486,10.2916708534098,33.34,NA,NA
"New Mexico",1978,37608,10.534972072704,33.34,NA,NA
"New Mexico",1979,40514,10.6094028723738,33.34,NA,NA
"New Mexico",1980,46272,10.7422923055184,33.34,NA,NA
"New Mexico",1981,53523,10.8878667470428,33.34,NA,NA
"New Mexico",1982,60265,11.0065067830224,33.34,NA,NA
"New Mexico",1983,61742,11.0307196914414,33.34,NA,NA
"New Mexico",1984,53399,10.8855472981812,33.34,NA,NA
"New Mexico",1985,65056,11.0830037164281,33.34,NA,NA
"New Mexico",1986,72130,11.1862253254977,33.34,NA,NA
"New Mexico",1987,99139,11.5042781847777,33.34,NA,NA
"New Mexico",1988,49576,10.8112621246419,33.34,NA,NA
"New Mexico",1989,76542,11.2455948887663,33.34,NA,NA
"New Mexico",1990,61732,11.0305577140207,33.34,NA,NA
"New Mexico",1991,48989,10.7993510620952,33.34,NA,NA
"New Mexico",1992,77786,11.2617167453877,33.34,NA,NA
"New Mexico",1993,90428,11.4123092329357,33.34,NA,NA
"New Mexico",1994,122528,11.716094854277,33.34,NA,NA
"New Mexico",1995,150343,11.9206746293016,33.34,NA,NA
"New Mexico",1996,163402,12.0039687012352,33.34,NA,NA
"New Mexico",1997,173205,12.0622311430541,33.34,NA,NA
"New Mexico",1998,180021,12.100828789734,33.34,NA,NA
"New Mexico",1999,163964,12.0074021705149,33.34,NA,NA
"New Mexico",2000,159338,11.9787830110795,33.34,NA,NA
"New Mexico",2001,190673,12.1583151979254,33.34,NA,NA
"New Mexico",2002,124327,11.7306704703226,33.34,NA,NA
"New Mexico",2003,101546,11.5282671767694,33.34,NA,NA
"New Mexico",2004,138196,11.8364282463368,33.34,NA,NA
"New Mexico",2005,242462,12.3986002760499,33.34,NA,NA
"New Mexico",2006,377185,12.8404910622487,33.34,NA,NA
"New Mexico",2007,459880,13.0387208648677,33.34,NA,NA
"New York",1976,1132756,13.9401641593593,50,NA,NA
"New York",1977,1295001,14.0740220253162,50,NA,NA
"New York",1978,1344610,14.1116145661454,50,NA,NA
"New York",1979,1223281,14.017047151156,50,NA,NA
"New York",1980,1235340,14.0268567937988,50,NA,NA
"New York",1981,1524968,14.2374839841969,50,NA,NA
"New York",1982,1342051,14.1097095987723,50,NA,NA
"New York",1983,1339005,14.1074373587963,50,NA,NA
"New York",1984,1524619,14.2372551007438,50,NA,NA
"New York",1985,1859979,14.4360757553031,50,NA,NA
"New York",1986,1901879,14.4583529028188,50,NA,NA
"New York",1987,2143390,14.5778992457654,50,NA,NA
"New York",1988,2172245,14.591271752938,50,NA,NA
"New York",1989,2008913,14.5131043377324,50,NA,NA
"New York",1990,1885429,14.4496659391773,50,NA,NA
"New York",1991,2030332,14.5237098844437,50,NA,NA
"New York",1992,2518790,14.7392891854443,50,NA,NA
"New York",1993,2637556,14.7853632887685,50,NA,NA
"New York",1994,3120034,14.9533544571622,50,NA,NA
"New York",1995,2814568,14.8503193441913,50,NA,NA
"New York",1996,2729835,14.8197517257742,50,NA,NA
"New York",1997,3042094,14.9280566520472,50,NA,NA
"New York",1998,3127524,14.9557521951547,50,NA,NA
"New York",1999,2888041,14.87608897557,50,NA,NA
"New York",2000,2771556,14.8349194533027,50,NA,NA
"New York",2001,3199483,14.9784997922173,50,NA,NA
"New York",2002,2257935,14.6299612367406,50,NA,NA
"New York",2003,2089104,14.5522458238854,50,NA,NA
"New York",2004,2044504,14.5306657752535,50,NA,NA
"New York",2005,2784721,14.839658246792,50,NA,NA
"New York",2006,4018199,15.2063443502585,50,NA,NA
"New York",2007,5416105,15.5048874803878,80,NA,NA
"North Carolina",1976,156661,11.9618395141512,33.34,NA,NA
"North Carolina",1977,204291,12.2273007269719,33.34,NA,NA
"North Carolina",1978,230088,12.3462171234249,33.34,NA,NA
"North Carolina",1979,254778,12.4481478567232,33.34,NA,NA
"North Carolina",1980,291752,12.5836594053095,33.34,NA,NA
"North Carolina",1981,279937,12.5423198568351,33.34,NA,NA
"North Carolina",1982,277460,12.5334320576347,33.34,NA,NA
"North Carolina",1983,306534,12.6330839580593,33.34,NA,NA
"North Carolina",1984,368047,12.8159659263872,33.34,NA,NA
"North Carolina",1985,490296,13.1027645693356,33.34,NA,NA
"North Carolina",1986,512095,13.146265433685,33.34,NA,NA
"North Carolina",1987,566480,13.2471970543257,33.34,NA,NA
"North Carolina",1988,633049,13.3583031072931,33.34,NA,NA
"North Carolina",1989,789261,13.5788523436053,50,NA,NA
"North Carolina",1990,612388,13.3251213475378,50,NA,NA
"North Carolina",1991,499958,13.1222793738761,50,NA,NA
"North Carolina",1992,643865,13.3752443557824,50,NA,NA
"North Carolina",1993,710658,13.4739465804034,50,NA,NA
"North Carolina",1994,737260,13.5106958905055,50,NA,NA
"North Carolina",1995,906007,13.7168023112646,50,NA,NA
"North Carolina",1996,939278,13.7528667740113,50,NA,NA
"North Carolina",1997,981378,13.7967129854313,50,NA,NA
"North Carolina",1998,999759,13.8152695289191,50,NA,NA
"North Carolina",1999,920583,13.7327624439771,50,NA,NA
"North Carolina",2000,1197162,13.9954643137286,50,NA,NA
"North Carolina",2001,723635,13.4920424005983,50,NA,NA
"North Carolina",2002,668124,13.4122290640344,50,NA,NA
"North Carolina",2003,898369,13.708336176023,50,NA,NA
"North Carolina",2004,837085,13.6376808974815,50,NA,NA
"North Carolina",2005,1271985,14.0560892303598,50,NA,NA
"North Carolina",2006,1308022,14.0840266304297,50,NA,NA
"North Carolina",2007,1565544,14.26374392539,50,NA,NA
"North Dakota",1976,19572,9.88185525240901,33.34,NA,NA
"North Dakota",1977,21800,9.98966524877718,33.34,NA,NA
"North Dakota",1978,20921,9.94850871818365,33.34,NA,NA
"North Dakota",1979,28871,10.2705929100897,33.34,NA,NA
"North Dakota",1980,36348,10.5008944608152,33.34,NA,NA
"North Dakota",1981,41051,10.6225704751198,33.34,NA,NA
"North Dakota",1982,37734,10.5383168237716,33.34,NA,NA
"North Dakota",1983,30594,10.3285591902832,33.34,NA,NA
"North Dakota",1984,43712,10.6853779429305,33.34,NA,NA
"North Dakota",1985,84445,11.343855713852,33.34,NA,NA
"North Dakota",1986,56312,10.938662935288,33.34,NA,NA
"North Dakota",1987,33442,10.4175678740226,33.34,NA,NA
"North Dakota",1988,41765,10.63981394719,33.34,NA,NA
"North Dakota",1989,42433,10.655681640387,33.34,NA,NA
"North Dakota",1990,46762,10.752826186271,33.34,NA,NA
"North Dakota",1991,50911,10.8378342892099,33.34,NA,NA
"North Dakota",1992,38610,10.5612665892583,33.34,NA,NA
"North Dakota",1993,54174,10.8999563675355,33.34,NA,NA
"North Dakota",1994,71461,11.1769071253222,33.34,NA,NA
"North Dakota",1995,69880,11.154534764248,33.34,NA,NA
"North Dakota",1996,74299,11.2158527716651,33.34,NA,NA
"North Dakota",1997,75223,11.2282123142389,33.34,NA,NA
"North Dakota",1998,82544,11.3210867634844,33.34,NA,NA
"North Dakota",1999,93595,11.4467322422354,33.34,NA,NA
"North Dakota",2000,78221,11.2672934326819,33.34,NA,NA
"North Dakota",2001,63390,11.0570613992782,33.34,NA,NA
"North Dakota",2002,49990,10.8195782644076,33.34,NA,NA
"North Dakota",2003,55989,10.9329105218512,33.34,NA,NA
"North Dakota",2004,49807,10.8159108153838,33.34,NA,NA
"North Dakota",2005,75836,11.2363283929219,33.34,NA,NA
"North Dakota",2006,120113,11.6961882453409,33.34,NA,NA
"North Dakota",2007,136424,11.8235229619928,33.34,NA,NA
"Ohio",1976,265052,12.4876813121336,33.34,NA,NA
"Ohio",1977,315481,12.6618537372799,33.34,NA,NA
"Ohio",1978,461393,13.0420054533887,33.34,NA,NA
"Ohio",1979,505001,13.1323156884536,33.34,NA,NA
"Ohio",1980,517344,13.1564633094013,33.34,NA,NA
"Ohio",1981,490637,13.1034598258184,33.34,NA,NA
"Ohio",1982,548091,13.2141966105381,33.34,NA,NA
"Ohio",1983,415017,12.9360747622293,33.34,NA,NA
"Ohio",1984,524891,13.1709459009703,33.34,NA,NA
"Ohio",1985,437129,12.9879836250244,50,NA,NA
"Ohio",1986,477794,13.0769349562395,50,NA,NA
"Ohio",1987,474588,13.0702023382141,50,NA,NA
"Ohio",1988,582026,13.2742703992553,50,NA,NA
"Ohio",1989,730510,13.5014981993331,50,NA,NA
"Ohio",1990,643428,13.3745654116465,50,NA,NA
"Ohio",1991,630183,13.3537655323782,50,NA,NA
"Ohio",1992,641701,13.371877742098,50,NA,NA
"Ohio",1993,677183,13.4256968255592,50,NA,NA
"Ohio",1994,652543,13.3886323163908,50,NA,NA
"Ohio",1995,713252,13.4775900731377,50,NA,NA
"Ohio",1996,807435,13.601617835483,50,NA,NA
"Ohio",1997,737363,13.5108355872282,50,NA,NA
"Ohio",1998,765883,13.5487846955422,50,NA,NA
"Ohio",1999,751567,13.5299156392244,60,NA,NA
"Ohio",2000,630607,13.3544381265707,60,NA,NA
"Ohio",2001,663376,13.4050972275721,60,NA,NA
"Ohio",2002,761050,13.5424543377078,60,NA,NA
"Ohio",2003,794645,13.5856507530269,60,NA,NA
"Ohio",2004,1060594,13.874339686494,60,NA,NA
"Ohio",2005,1327484,14.0987959792949,60,NA,NA
"Ohio",2006,1105864,13.9161374878616,60,NA,NA
"Ohio",2007,1125654,13.9338747580452,60,NA,NA
"Oklahoma",1976,53430,10.8861276649518,33.34,NA,NA
"Oklahoma",1977,70635,11.1652810513458,33.34,NA,NA
"Oklahoma",1978,91375,11.4227271970521,33.34,NA,NA
"Oklahoma",1979,94501,11.4563656954364,33.34,NA,NA
"Oklahoma",1980,89869,11.4061083334068,33.34,NA,NA
"Oklahoma",1981,128697,11.7652160832892,33.34,NA,NA
"Oklahoma",1982,139022,11.8423874729702,33.34,NA,NA
"Oklahoma",1983,103325,11.5456346393799,33.34,NA,NA
"Oklahoma",1984,97223,11.4847625879715,33.34,NA,NA
"Oklahoma",1985,104522,11.5571528545452,33.34,NA,NA
"Oklahoma",1986,107077,11.5813034808055,33.34,NA,NA
"Oklahoma",1987,88703,11.3930489895972,33.34,NA,NA
"Oklahoma",1988,83725,11.3352928976624,33.34,NA,NA
"Oklahoma",1989,112851,11.6338236435268,33.34,NA,NA
"Oklahoma",1990,95920,11.4712697897014,33.34,NA,NA
"Oklahoma",1991,137582,11.831975381971,33.34,NA,NA
"Oklahoma",1992,149142,11.9126541512265,33.34,NA,NA
"Oklahoma",1993,142023,11.8637442952984,33.34,NA,NA
"Oklahoma",1994,162214,11.9966717301323,33.34,NA,NA
"Oklahoma",1995,166746,12.0242269754842,33.34,NA,NA
"Oklahoma",1996,163734,12.0059984387999,33.34,NA,NA
"Oklahoma",1997,221172,12.3066959583396,33.34,NA,NA
"Oklahoma",1998,222621,12.3132260529965,33.34,NA,NA
"Oklahoma",1999,187308,12.1405095997464,33.34,NA,NA
"Oklahoma",2000,194145,12.1763605815446,33.34,NA,NA
"Oklahoma",2001,167222,12.0270775499244,33.34,NA,NA
"Oklahoma",2002,173701,12.065090709265,33.34,NA,NA
"Oklahoma",2003,104448,11.5564446188837,33.34,NA,NA
"Oklahoma",2004,133309,11.8004250207669,33.34,NA,NA
"Oklahoma",2005,168890,12.037002894412,33.34,NA,NA
"Oklahoma",2006,304381,12.6260354851504,33.34,NA,NA
"Oklahoma",2007,561375,13.23814441039,33.34,NA,NA
"Oregon",1976,66657,11.1073153463485,33.34,NA,NA
"Oregon",1977,91104,11.4197569900778,33.34,NA,NA
"Oregon",1978,125474,11.7398538447763,33.34,NA,NA
"Oregon",1979,166034,12.0199478656432,33.34,NA,NA
"Oregon",1980,177425,12.0863032633932,33.34,NA,NA
"Oregon",1981,155503,11.9544203030198,33.34,NA,NA
"Oregon",1982,124171,11.7294149268535,33.34,NA,NA
"Oregon",1983,125110,11.7369486293114,33.34,NA,NA
"Oregon",1984,144065,11.8780198656017,33.34,NA,NA
"Oregon",1985,153822,11.9435513687369,33.34,NA,NA
"Oregon",1986,161728,11.9936711907479,33.34,NA,NA
"Oregon",1987,136376,11.8231710558308,33.34,NA,NA
"Oregon",1988,167047,12.0260304889286,33.34,NA,NA
"Oregon",1989,157816,11.9691850764237,33.34,NA,NA
"Oregon",1990,147784,11.9035070272385,33.34,NA,NA
"Oregon",1991,149074,11.9121981059359,50,NA,NA
"Oregon",1992,152161,11.9326944497871,50,NA,NA
"Oregon",1993,205031,12.2309164662002,50,NA,NA
"Oregon",1994,263682,12.4824991106259,50,NA,NA
"Oregon",1995,312001,12.6507616719147,50,NA,NA
"Oregon",1996,300459,12.6130665843808,50,NA,NA
"Oregon",1997,384073,12.858587917669,50,NA,NA
"Oregon",1998,279197,12.539672904827,50,NA,NA
"Oregon",1999,324386,12.6896894436953,50,NA,NA
"Oregon",2000,407084,12.916774831336,50,NA,NA
"Oregon",2001,322651,12.6843265226928,50,NA,NA
"Oregon",2002,196257,12.1871803037983,50,NA,NA
"Oregon",2003,225501,12.3260798725048,50,NA,NA
"Oregon",2004,320065,12.6762793791488,80,NA,NA
"Oregon",2005,365347,12.8086028658814,80,NA,NA
"Oregon",2006,438255,12.9905562117315,100,NA,NA
"Oregon",2007,405857,12.9137561597922,100,NA,NA
"Pennsylvania",1976,616872,13.3324168259362,33.34,NA,NA
"Pennsylvania",1977,665993,13.4090344389568,33.34,NA,NA
"Pennsylvania",1978,786976,13.5759530313818,33.34,NA,NA
"Pennsylvania",1979,853715,13.6573526934192,33.34,NA,NA
"Pennsylvania",1980,861682,13.6666415720692,33.34,NA,NA
"Pennsylvania",1981,821962,13.6194494442593,33.34,NA,NA
"Pennsylvania",1982,869714,13.6759197009532,33.34,NA,NA
"Pennsylvania",1983,830108,13.6293110917898,33.34,NA,NA
"Pennsylvania",1984,865299,13.6708303909256,33.34,NA,NA
"Pennsylvania",1985,942971,13.7567908082265,33.34,NA,NA
"Pennsylvania",1986,963228,13.7780454228816,33.34,NA,NA
"Pennsylvania",1987,1015814,13.8312008194949,33.34,NA,NA
"Pennsylvania",1988,1046443,13.8609073521129,33.34,NA,NA
"Pennsylvania",1989,1169237,13.9718619572881,33.34,NA,NA
"Pennsylvania",1990,1094778,13.9060621609522,33.34,NA,NA
"Pennsylvania",1991,1011966,13.8274055314272,33.34,NA,NA
"Pennsylvania",1992,1623774,14.3002636274582,33.34,NA,NA
"Pennsylvania",1993,1469962,14.2007471080807,33.34,NA,NA
"Pennsylvania",1994,1486299,14.2117996953251,33.34,NA,NA
"Pennsylvania",1995,1784579,14.3946930910361,50,NA,NA
"Pennsylvania",1996,1504010,14.223645432406,50,NA,NA
"Pennsylvania",1997,1575707,14.2702146184103,50,NA,NA
"Pennsylvania",1998,1562856,14.2620254746411,50,NA,NA
"Pennsylvania",1999,1537722,14.2458126584834,50,NA,NA
"Pennsylvania",2000,1696845,14.3442812023901,60,NA,NA
"Pennsylvania",2001,1389458,14.1444243010076,60,NA,NA
"Pennsylvania",2002,1198438,13.9965296001876,60,NA,NA
"Pennsylvania",2003,1189314,13.9888872282764,60,NA,NA
"Pennsylvania",2004,1677998,14.3331119741135,60,NA,NA
"Pennsylvania",2005,1703295,14.3480751683662,60,NA,NA
"Pennsylvania",2006,2116954,14.5654888210193,60,NA,NA
"Pennsylvania",2007,2286527,14.6425446304514,70,NA,NA
"Rhode Island",1976,35780,10.4851443570627,33.34,NA,NA
"Rhode Island",1977,40842,10.617466242676,33.34,NA,NA
"Rhode Island",1978,43610,10.6830417608368,33.34,NA,NA
"Rhode Island",1979,55903,10.9313733249661,33.34,NA,NA
"Rhode Island",1980,53620,10.88967741179,33.34,NA,NA
"Rhode Island",1981,50340,10.8265552686893,33.34,NA,NA
"Rhode Island",1982,52524,10.8690254869789,33.34,NA,NA
"Rhode Island",1983,42446,10.6559879587956,33.34,NA,NA
"Rhode Island",1984,59274,10.9899260402725,33.34,NA,NA
"Rhode Island",1985,70504,11.1634247247795,33.34,NA,NA
"Rhode Island",1986,67656,11.1221913214621,33.34,NA,NA
"Rhode Island",1987,87675,11.3813920750084,33.34,NA,NA
"Rhode Island",1988,79194,11.279655817357,33.34,NA,NA
"Rhode Island",1989,77624,11.2596319367051,33.34,NA,NA
"Rhode Island",1990,68828,11.139365917873,33.34,NA,NA
"Rhode Island",1991,45966,10.7356572717449,33.34,NA,NA
"Rhode Island",1992,48502,10.7893603131887,33.34,NA,NA
"Rhode Island",1993,69846,11.1540480974763,33.34,NA,NA
"Rhode Island",1994,79320,11.2812455826337,33.34,NA,NA
"Rhode Island",1995,82160,11.3164238446024,33.34,NA,NA
"Rhode Island",1996,86973,11.3733530046422,33.34,NA,NA
"Rhode Island",1997,89198,11.3986138967921,33.34,NA,NA
"Rhode Island",1998,69714,11.1521564374109,33.34,NA,NA
"Rhode Island",1999,66318,11.102216632539,33.34,NA,NA
"Rhode Island",2000,74825,11.2229073327209,33.34,NA,NA
"Rhode Island",2001,77998,11.2644384643174,33.34,NA,NA
"Rhode Island",2002,28273,10.2496625646187,33.34,NA,NA
"Rhode Island",2003,67118,11.1142075433193,33.34,NA,NA
"Rhode Island",2004,69479,11.1487798276205,33.34,NA,NA
"Rhode Island",2005,113326,11.6380238999484,33.34,NA,NA
"Rhode Island",2006,169865,12.0427592829069,33.34,NA,NA
"Rhode Island",2007,179168,12.0960791921486,33.34,NA,NA
"South Carolina",1976,79732,11.2864262898427,33.34,NA,NA
"South Carolina",1977,106601,11.5768481715329,33.34,NA,NA
"South Carolina",1978,122924,11.7193215572054,33.34,NA,NA
"South Carolina",1979,140185,11.8507182578445,33.34,NA,NA
"South Carolina",1980,153475,11.9412929662957,33.34,NA,NA
"South Carolina",1981,152674,11.9360602082091,33.34,NA,NA
"South Carolina",1982,131546,11.7871118793167,33.34,NA,NA
"South Carolina",1983,128180,11.7611908050582,33.34,NA,NA
"South Carolina",1984,159334,11.9787579068971,33.34,NA,NA
"South Carolina",1985,199771,12.2049269895169,33.34,NA,NA
"South Carolina",1986,188351,12.1460625223708,33.34,NA,NA
"South Carolina",1987,190474,12.1572709812946,33.34,NA,NA
"South Carolina",1988,203959,12.2256742722349,33.34,NA,NA
"South Carolina",1989,220379,12.3031040704146,33.34,NA,NA
"South Carolina",1990,150926,11.9245449294502,33.34,NA,NA
"South Carolina",1991,151433,11.9278985618883,33.34,NA,NA
"South Carolina",1992,141895,11.8628426264456,33.34,NA,NA
"South Carolina",1993,176339,12.0801635577618,33.34,NA,NA
"South Carolina",1994,219052,12.2970644235359,50,NA,NA
"South Carolina",1995,250214,12.4300718306853,50,NA,NA
"South Carolina",1996,250867,12.4326781971996,50,NA,NA
"South Carolina",1997,239350,12.3856821948207,50,NA,NA
"South Carolina",1998,213622,12.2719633770191,50,NA,NA
"South Carolina",1999,257488,12.4587283960583,50,NA,NA
"South Carolina",2000,227161,12.3334142961652,50,NA,NA
"South Carolina",2001,192070,12.1656151678989,50,NA,NA
"South Carolina",2002,159837,11.9819098249375,50,NA,NA
"South Carolina",2003,173886,12.0661551910636,50,NA,NA
"South Carolina",2004,196510,12.1884685995818,50,NA,NA
"South Carolina",2005,246935,12.4168804230833,50,NA,NA
"South Carolina",2006,296753,12.6006554219406,50,NA,NA
"South Carolina",2007,311902,12.650444314887,100,NA,NA
"Tennessee",1976,128621,11.7646253744992,33.34,NA,NA
"Tennessee",1977,156042,11.9578804807648,33.34,NA,NA
"Tennessee",1978,170848,12.0485295512999,33.34,NA,NA
"Tennessee",1979,186088,12.1339749590897,33.34,NA,NA
"Tennessee",1980,198222,12.197142893709,33.34,NA,NA
"Tennessee",1981,195065,12.181088115336,33.34,NA,NA
"Tennessee",1982,206835,12.239676652944,33.34,NA,NA
"Tennessee",1983,203858,12.2251789520199,33.34,NA,NA
"Tennessee",1984,226242,12.329360501821,33.34,NA,NA
"Tennessee",1985,259198,12.4653475273811,33.34,NA,NA
"Tennessee",1986,268618,12.5010455749734,33.34,NA,NA
"Tennessee",1987,298644,12.6070075075518,33.34,NA,NA
"Tennessee",1988,352120,12.7717273055748,33.34,NA,NA
"Tennessee",1989,371545,12.8254252663561,33.34,NA,NA
"Tennessee",1990,332036,12.7129986757551,33.34,NA,NA
"Tennessee",1991,345542,12.7528694777539,33.34,NA,NA
"Tennessee",1992,295266,12.5956319239546,33.34,NA,NA
"Tennessee",1993,365323,12.8085371727504,33.34,NA,NA
"Tennessee",1994,421960,12.9526658017957,33.34,NA,NA
"Tennessee",1995,493072,13.1084104869861,33.34,NA,NA
"Tennessee",1996,533862,13.187892657578,33.34,NA,NA
"Tennessee",1997,479660,13.0808327985642,50,NA,NA
"Tennessee",1998,607418,13.3169724656624,50,NA,NA
"Tennessee",1999,571428,13.2558937700284,50,NA,NA
"Tennessee",2000,613924,13.3276264209665,50,NA,NA
"Tennessee",2001,673465,13.4201913061474,50,NA,NA
"Tennessee",2002,502977,13.1282997223903,50,NA,NA
"Tennessee",2003,612943,13.3260272252768,50,NA,NA
"Tennessee",2004,694798,13.4513764348187,50,NA,NA
"Tennessee",2005,805601,13.5993438616965,50,NA,NA
"Tennessee",2006,928349,13.7411630186551,50,NA,NA
"Tennessee",2007,1120422,13.9292159580197,50,NA,NA
"Texas",1976,0,-Inf,100,NA,NA
"Texas",1977,0,-Inf,100,NA,NA
"Texas",1978,0,-Inf,100,NA,NA
"Texas",1979,0,-Inf,100,NA,NA
"Texas",1980,0,-Inf,100,NA,NA
"Texas",1981,0,-Inf,100,NA,NA
"Texas",1982,0,-Inf,100,NA,NA
"Texas",1983,0,-Inf,100,NA,NA
"Texas",1984,0,-Inf,100,NA,NA
"Utah",1976,24501,10.1064692120264,33.34,NA,NA
"Utah",1977,24866,10.1212566875129,33.34,NA,NA
"Utah",1978,29448,10.2903812750589,33.34,NA,NA
"Utah",1979,32874,10.4004373507665,33.34,NA,NA
"Utah",1980,40377,10.6060155949018,33.34,NA,NA
"Utah",1981,40667,10.613172231735,33.34,NA,NA
"Utah",1982,40894,10.618738632003,33.34,NA,NA
"Utah",1983,31592,10.3606592029665,33.34,NA,NA
"Utah",1984,45035,10.7151952442178,33.34,NA,NA
"Utah",1985,52191,10.8626653452127,33.34,NA,NA
"Utah",1986,66450,11.1042050641414,33.34,NA,NA
"Utah",1987,60891,11.0168406595257,33.34,NA,NA
"Utah",1988,71663,11.1797298543421,33.34,NA,NA
"Utah",1989,92207,11.4317913285717,33.34,NA,NA
"Utah",1990,94167,11.4528250807173,33.34,NA,NA
"Utah",1991,82463,11.3201049868749,33.34,NA,NA
"Utah",1992,76375,11.2434106964739,33.34,NA,NA
"Utah",1993,83936,11.3378098826666,33.34,NA,NA
"Utah",1994,125191,11.7375958500803,33.34,NA,NA
"Utah",1995,147374,11.9007288524053,33.34,NA,NA
"Utah",1996,176781,12.0826669573474,33.34,NA,NA
"Utah",1997,195800,12.1848490090785,33.34,NA,NA
"Utah",1998,184584,12.125859923405,33.34,NA,NA
"Utah",1999,180141,12.1014951565603,33.34,NA,NA
"Utah",2000,173799,12.0656547380569,33.34,NA,NA
"Utah",2001,162754,11.9999951373418,33.34,NA,NA
"Utah",2002,110989,11.6171863762847,33.34,NA,NA
"Utah",2003,148218,11.9064394419586,33.34,NA,NA
"Utah",2004,145005,11.8845235035668,33.34,NA,NA
"Utah",2005,188845,12.1486818517509,33.34,NA,NA
"Utah",2006,348129,12.7603283797233,50,NA,NA
"Utah",2007,398894,12.8964509964166,50,NA,NA
"Vermont",1976,13290,9.49476715170729,33.34,NA,NA
"Vermont",1977,16900,9.73506890091116,33.34,NA,NA
"Vermont",1978,18700,9.83627880284268,33.34,NA,NA
"Vermont",1979,23878,10.0807128119053,33.34,NA,NA
"Vermont",1980,22425,10.017931686927,33.34,NA,NA
"Vermont",1981,22918,10.0396779069864,33.34,NA,NA
"Vermont",1982,24954,10.124789408971,33.34,NA,NA
"Vermont",1983,25400,10.1425044530066,33.34,NA,NA
"Vermont",1984,22606,10.0259706367507,33.34,NA,NA
"Vermont",1985,34958,10.461902619895,33.34,NA,NA
"Vermont",1986,30531,10.32649783986,33.34,NA,NA
"Vermont",1987,38445,10.5569839274663,33.34,NA,NA
"Vermont",1988,44688,10.707460288185,33.34,NA,NA
"Vermont",1989,38310,10.5534662376947,33.34,NA,NA
"Vermont",1990,27128,10.2083216838055,33.34,NA,NA
"Vermont",1991,27387,10.2178237272332,33.34,NA,NA
"Vermont",1992,30954,10.3402575104727,33.34,NA,NA
"Vermont",1993,32572,10.391208302587,33.34,NA,NA
"Vermont",1994,34932,10.4611585935336,33.34,NA,NA
"Vermont",1995,48274,10.7846483924265,33.34,NA,NA
"Vermont",1996,44818,10.7103651234231,33.34,NA,NA
"Vermont",1997,45327,10.721658160408,33.34,NA,NA
"Vermont",1998,45886,10.7339153386301,33.34,NA,NA
"Vermont",1999,49696,10.8136797259484,33.34,NA,NA
"Vermont",2000,44430,10.70167019593,33.34,NA,NA
"Vermont",2001,44606,10.7056236581079,33.34,NA,NA
"Vermont",2002,37306,10.5269094506045,33.34,NA,NA
"Vermont",2003,41641,10.6368405378104,33.34,NA,NA
"Vermont",2004,62228,11.038560338207,33.34,NA,NA
"Vermont",2005,68962,11.1413109072372,33.34,NA,NA
"Vermont",2006,86083,11.3630672260894,50,NA,NA
"Vermont",2007,83362,11.3309478490218,50,NA,NA
"Virginia",1976,130417,11.7784922880757,33.34,NA,NA
"Virginia",1977,159152,11.9776149993922,33.34,NA,NA
"Virginia",1978,164790,12.0124272150048,33.34,NA,NA
"Virginia",1979,196220,12.1869917577174,33.34,NA,NA
"Virginia",1980,193847,12.1748244670959,33.34,NA,NA
"Virginia",1981,182301,12.1134144461152,33.34,NA,NA
"Virginia",1982,176965,12.0837072518898,33.34,NA,NA
"Virginia",1983,183215,12.1184156055996,33.34,NA,NA
"Virginia",1984,242706,12.399606113288,33.34,NA,NA
"Virginia",1985,287747,12.569836900813,33.34,NA,NA
"Virginia",1986,280768,12.5452839845259,33.34,NA,NA
"Virginia",1987,320598,12.6779432808349,33.34,NA,NA
"Virginia",1988,334382,12.7200393309927,33.34,NA,NA
"Virginia",1989,347447,12.7583674143693,33.34,NA,NA
"Virginia",1990,306170,12.6318957822262,33.34,NA,NA
"Virginia",1991,285106,12.5606163199266,33.34,NA,NA
"Virginia",1992,273258,12.5181716828289,33.34,NA,NA
"Virginia",1993,365340,12.8085837058307,33.34,NA,NA
"Virginia",1994,306667,12.633517747313,33.34,NA,NA
"Virginia",1995,367832,12.8153815911742,33.34,NA,NA
"Virginia",1996,362830,12.8016896839919,33.34,NA,NA
"Virginia",1997,425154,12.9602067352138,33.34,NA,NA
"Virginia",1998,445659,13.0073093645754,33.34,NA,NA
"Virginia",1999,414388,12.9345580119792,33.34,NA,NA
"Virginia",2000,565909,13.2461885668741,50,NA,NA
"Virginia",2001,363757,12.8042413412689,50,NA,NA
"Virginia",2002,308554,12.6396521475284,50,NA,NA
"Virginia",2003,328444,12.7021216305331,50,NA,NA
"Virginia",2004,422119,12.9530425437876,50,NA,NA
"Virginia",2005,605959,13.314567605997,50,NA,NA
"Virginia",2006,863320,13.6685407008729,50,NA,NA
"Virginia",2007,879575,13.6871941152488,50,NA,NA
"West Virginia",1976,20267,9.91674922651931,33.34,NA,NA
"West Virginia",1977,23329,10.0574525008306,33.34,NA,NA
"West Virginia",1978,21014,9.95294416124872,33.34,NA,NA
"West Virginia",1979,25591,10.1499960061551,33.34,NA,NA
"West Virginia",1980,32889,10.4008935343427,33.34,NA,NA
"West Virginia",1981,32039,10.374709189709,33.34,NA,NA
"West Virginia",1982,34400,10.4458118433615,33.34,NA,NA
"West Virginia",1983,45146,10.7176569613435,33.34,NA,NA
"West Virginia",1984,92173,11.4314225250096,33.34,NA,NA
"West Virginia",1985,98766,11.5005086949551,33.34,NA,NA
"West Virginia",1986,88909,11.3953686537232,50,NA,NA
"West Virginia",1987,89890,11.4063419795674,50,NA,NA
"West Virginia",1988,176704,12.0822312952898,50,NA,NA
"West Virginia",1989,206487,12.2379927354064,50,NA,NA
"West Virginia",1990,221642,12.3088187465825,50,NA,NA
"West Virginia",1991,191214,12.1611484986762,50,NA,NA
"West Virginia",1992,182081,12.1122069219964,50,NA,NA
"West Virginia",1993,179009,12.0951913628885,50,NA,NA
"West Virginia",1994,184625,12.1260820198337,50,NA,NA
"West Virginia",1995,218686,12.2953921899839,50,NA,NA
"West Virginia",1996,235123,12.3678640604534,50,NA,NA
"West Virginia",1997,251230,12.434124133197,50,NA,NA
"West Virginia",1998,221528,12.3083042713134,50,NA,NA
"West Virginia",1999,263121,12.480369281403,50,NA,NA
"West Virginia",2000,217793,12.2913003493869,50,NA,NA
"West Virginia",2001,214297,12.275118182297,50,NA,NA
"West Virginia",2002,220158,12.3021007493835,50,NA,NA
"West Virginia",2003,182364,12.1137599687216,50,NA,NA
"West Virginia",2004,181515,12.1090935739003,50,NA,NA
"West Virginia",2005,463249,13.0460199854836,50,NA,NA
"West Virginia",2006,533027,13.1863273585254,50,NA,NA
"West Virginia",2007,539136,13.1977231371735,50,NA,NA
"Wisconsin",1976,190419,12.1569821862767,50,NA,NA
"Wisconsin",1977,251657,12.4358223282293,50,NA,NA
"Wisconsin",1978,284979,12.5601707723254,50,NA,NA
"Wisconsin",1979,327427,12.699020408448,50,NA,NA
"Wisconsin",1980,311321,12.6485798131972,50,NA,NA
"Wisconsin",1981,255663,12.4516154499878,50,NA,NA
"Wisconsin",1982,322939,12.6852187298804,50,NA,NA
"Wisconsin",1983,339781,12.7360565714124,50,NA,NA
"Wisconsin",1984,393481,12.8827880610487,50,NA,NA
"Wisconsin",1985,413645,12.9327633970317,50,NA,NA
"Wisconsin",1986,407590,12.918017046173,50,NA,NA
"Wisconsin",1987,470689,13.0619528576664,50,NA,NA
"Wisconsin",1988,461369,13.0419534356419,50,NA,NA
"Wisconsin",1989,448367,13.0133673724674,50,NA,NA
"Wisconsin",1990,436562,12.9866856831214,50,NA,NA
"Wisconsin",1991,440918,12.9966141960967,50,NA,NA
"Wisconsin",1992,437689,12.9892638914947,50,NA,NA
"Wisconsin",1993,492015,13.1062644828146,50,NA,NA
"Wisconsin",1994,541284,13.2016993738779,50,NA,NA
"Wisconsin",1995,670891,13.4163619586451,50,NA,NA
"Wisconsin",1996,620889,13.3389076009777,50,NA,NA
"Wisconsin",1997,638975,13.3676206089636,50,NA,NA
"Wisconsin",1998,680639,13.4307873417875,50,NA,NA
"Wisconsin",1999,670958,13.4164618208502,50,NA,NA
"Wisconsin",2000,578120,13.2675367385628,50,NA,NA
"Wisconsin",2001,495449,13.1132197011179,50,NA,NA
"Wisconsin",2002,445016,13.0058655155582,50,NA,NA
"Wisconsin",2003,526500,13.1740066105562,50,NA,NA
"Wisconsin",2004,681990,13.4327702739615,50,NA,NA
"Wisconsin",2005,782742,13.5705584187595,50,NA,NA
"Wisconsin",2006,808200,13.6025648316265,60,NA,NA
"Wisconsin",2007,923359,13.735773386943,80,NA,NA
