"State","Year","Revenue"
"AK","1950",0
"AK","1951",0
"AK","1952",0
"AK","1953",0
"AK","1954",0
"AK","1955",0
"AK","1956",0
"AK","1957",1065
"AK","1958",1125
"AK","1959",1398
"AK","1960",1692
"AK","1961",1450
"AK","1962",1816
"AK","1963",2207
"AK","1964",1764
"AK","1965",1877
"AK","1966",4105
"AK","1967",3450
"AK","1968",3865
"AK","1969",4307
"AK","1970",5301
"AK","1971",6050
"AK","1972",6455
"AK","1973",6964
"AK","1974",8241
"AK","1975",17345
"AK","1976",31103
"AK","1977",35772
"AK","1978",33504
"AK","1979",256986
"AK","1980",565329
"AK","1981",894843
"AK","1982",703663
"AK","1983",266302
"AK","1984",304621
"AK","1985",204600
"AK","1986",177751
"AK","1987",141068
"AK","1988",181387
"AK","1989",459686
"AK","1990",185140
"AK","1991",253649
"AK","1992",200025
"AK","1993",872260
"AK","1994",176070
"AK","1995",528005
"AK","1996",326270
"AK","1997",331337
"AK","1998",275758
"AK","1999",211811
"AK","2000",438438
"AK","2001",400442
"AK","2002",269273
"AK","2003",207075
"AK","2004",339564
"AK","2005",588694
"AK","2006",821664
"AK","2007",813762
"AK","2008",1297513
"AK","2009",632123
"AK","2010",643068
"AK","2011",720733
"AK","2012",663144
"AK","2013",630941
"AK","2014",408938
"AK","2015",227852
"AK","2016",67457
"AK","2017",87775
"AK","2018",196321
"AK","2019",332520
"AK","2020",194663
"AK","2021",124987
"AL","1950",885
"AL","1951",903
"AL","1952",1093
"AL","1953",1076
"AL","1954",1036
"AL","1955",1098
"AL","1956",1131
"AL","1957",1312
"AL","1958",8936
"AL","1959",7567
"AL","1960",9447
"AL","1961",9667
"AL","1962",9645
"AL","1963",10239
"AL","1964",15766
"AL","1965",19294
"AL","1966",22890
"AL","1967",29949
"AL","1968",31442
"AL","1969",29023
"AL","1970",30797
"AL","1971",33764
"AL","1972",32908
"AL","1973",40939
"AL","1974",47255
"AL","1975",58158
"AL","1976",60307
"AL","1977",75874
"AL","1978",83161
"AL","1979",100610
"AL","1980",109238
"AL","1981",99095
"AL","1982",123218
"AL","1983",133717
"AL","1984",223816
"AL","1985",199998
"AL","1986",156745
"AL","1987",162699
"AL","1988",177657
"AL","1989",215817
"AL","1990",179833
"AL","1991",168253
"AL","1992",164779
"AL","1993",189506
"AL","1994",218131
"AL","1995",236279
"AL","1996",217616
"AL","1997",226616
"AL","1998",243803
"AL","1999",233024
"AL","2000",243099
"AL","2001",201533
"AL","2002",322636
"AL","2003",242411
"AL","2004",292051
"AL","2005",397308
"AL","2006",558768
"AL","2007",505886
"AL","2008",524808
"AL","2009",493972
"AL","2010",428245
"AL","2011",301178
"AL","2012",413253
"AL","2013",382202
"AL","2014",406408
"AL","2015",533586
"AL","2016",473736
"AL","2017",520113
"AL","2018",577516
"AL","2019",684296
"AL","2020",754272
"AL","2021",1134256
"AR","1950",7809
"AR","1951",7879
"AR","1952",8661
"AR","1953",8425
"AR","1954",8114
"AR","1955",7469
"AR","1956",8668
"AR","1957",9777
"AR","1958",9274
"AR","1959",8349
"AR","1960",8862
"AR","1961",10831
"AR","1962",10340
"AR","1963",10619
"AR","1964",11059
"AR","1965",13766
"AR","1966",20848
"AR","1967",25131
"AR","1968",19627
"AR","1969",22387
"AR","1970",26228
"AR","1971",26384
"AR","1972",31568
"AR","1973",37825
"AR","1974",45916
"AR","1975",54469
"AR","1976",56197
"AR","1977",67210
"AR","1978",83528
"AR","1979",83608
"AR","1980",83714
"AR","1981",80683
"AR","1982",91706
"AR","1983",86921
"AR","1984",106241
"AR","1985",130231
"AR","1986",113205
"AR","1987",115620
"AR","1988",116202
"AR","1989",111671
"AR","1990",130300
"AR","1991",122240
"AR","1992",125525
"AR","1993",153926
"AR","1994",184281
"AR","1995",191600
"AR","1996",228801
"AR","1997",229982
"AR","1998",252870
"AR","1999",212206
"AR","2000",236969
"AR","2001",202345
"AR","2002",176874
"AR","2003",176875
"AR","2004",181830
"AR","2005",277311
"AR","2006",368523
"AR","2007",362983
"AR","2008",342529
"AR","2009",346215
"AR","2010",385365
"AR","2011",376874
"AR","2012",404083
"AR","2013",402874
"AR","2014",398493
"AR","2015",476553
"AR","2016",450159
"AR","2017",396989
"AR","2018",390756
"AR","2019",533915
"AR","2020",469029
"AR","2021",618457
"AZ","1950",2897
"AZ","1951",5378
"AZ","1952",6257
"AZ","1953",3444
"AZ","1954",5032
"AZ","1955",5235
"AZ","1956",8518
"AZ","1957",0
"AZ","1958",4330
"AZ","1959",5338
"AZ","1960",6833
"AZ","1961",6074
"AZ","1962",5574
"AZ","1963",7000
"AZ","1964",9174
"AZ","1965",9276
"AZ","1966",13379
"AZ","1967",14407
"AZ","1968",14723
"AZ","1969",18080
"AZ","1970",20910
"AZ","1971",26987
"AZ","1972",28126
"AZ","1973",37408
"AZ","1974",39356
"AZ","1975",49553
"AZ","1976",46499
"AZ","1977",51788
"AZ","1978",63842
"AZ","1979",89352
"AZ","1980",117764
"AZ","1981",126510
"AZ","1982",114759
"AZ","1983",160429
"AZ","1984",197363
"AZ","1985",202301
"AZ","1986",170821
"AZ","1987",198948
"AZ","1988",148134
"AZ","1989",200027
"AZ","1990",179832
"AZ","1991",192325
"AZ","1992",210824
"AZ","1993",244856
"AZ","1994",303239
"AZ","1995",417481
"AZ","1996",448040
"AZ","1997",600890
"AZ","1998",528061
"AZ","1999",545388
"AZ","2000",523182
"AZ","2001",541174
"AZ","2002",346280
"AZ","2003",389406
"AZ","2004",525650
"AZ","2005",701859
"AZ","2006",890004
"AZ","2007",986170
"AZ","2008",784511
"AZ","2009",592187
"AZ","2010",413193
"AZ","2011",560236
"AZ","2012",647809
"AZ","2013",662026
"AZ","2014",575180
"AZ","2015",690960
"AZ","2016",570548
"AZ","2017",368136
"AZ","2018",373076
"AZ","2019",514264
"AZ","2020",523062
"AZ","2021",905953
"CA","1950",74546
"CA","1951",98428
"CA","1952",119386
"CA","1953",119107
"CA","1954",125841
"CA","1955",133412
"CA","1956",157340
"CA","1957",167339
"CA","1958",172119
"CA","1959",175405
"CA","1960",240064
"CA","1961",273361
"CA","1962",290797
"CA","1963",311275
"CA","1964",404757
"CA","1965",416447
"CA","1966",433825
"CA","1967",452574
"CA","1968",578812
"CA","1969",592493
"CA","1970",587577
"CA","1971",533121
"CA","1972",661071
"CA","1973",866347
"CA","1974",1046031
"CA","1975",1252633
"CA","1976",1284068
"CA","1977",1641595
"CA","1978",2076270
"CA","1979",2374712
"CA","1980",2507183
"CA","1981",2731111
"CA","1982",2643946
"CA","1983",2553948
"CA","1984",3218856
"CA","1985",3658093
"CA","1986",3833261
"CA","1987",4758950
"CA","1988",4781873
"CA","1989",5062844
"CA","1990",4928377
"CA","1991",4440479
"CA","1992",4518418
"CA","1993",4727879
"CA","1994",4633449
"CA","1995",5747929
"CA","1996",5831072
"CA","1997",5803652
"CA","1998",5587671
"CA","1999",5459199
"CA","2000",6638762
"CA","2001",6899302
"CA","2002",5333036
"CA","2003",6803559
"CA","2004",6925916
"CA","2005",8670065
"CA","2006",10316467
"CA","2007",11157898
"CA","2008",11849097
"CA","2009",9535679
"CA","2010",9114589
"CA","2011",9613594
"CA","2012",7949000
"CA","2013",7462000
"CA","2014",8858498
"CA","2015",9007182
"CA","2016",9902185
"CA","2017",10112520
"CA","2018",12488304
"CA","2019",13792519
"CA","2020",9817957
"CA","2021",26097277
"CO","1950",6003
"CO","1951",6535
"CO","1952",6121
"CO","1953",5515
"CO","1954",6153
"CO","1955",5677
"CO","1956",6071
"CO","1957",4399
"CO","1958",11025
"CO","1959",12226
"CO","1960",10723
"CO","1961",18555
"CO","1962",20268
"CO","1963",21036
"CO","1964",24735
"CO","1965",23929
"CO","1966",24759
"CO","1967",25799
"CO","1968",26719
"CO","1969",32000
"CO","1970",33513
"CO","1971",28837
"CO","1972",36463
"CO","1973",38993
"CO","1974",52745
"CO","1975",58115
"CO","1976",69597
"CO","1977",80575
"CO","1978",86202
"CO","1979",112292
"CO","1980",110607
"CO","1981",103465
"CO","1982",91400
"CO","1983",56184
"CO","1984",87721
"CO","1985",101654
"CO","1986",116937
"CO","1987",124085
"CO","1988",146776
"CO","1989",171176
"CO","1990",123357
"CO","1991",114514
"CO","1992",123458
"CO","1993",137748
"CO","1994",146042
"CO","1995",190026
"CO","1996",205700
"CO","1997",224275
"CO","1998",271143
"CO","1999",301043
"CO","2000",334980
"CO","2001",340039
"CO","2002",205217
"CO","2003",199853
"CO","2004",239591
"CO","2005",315834
"CO","2006",457673
"CO","2007",479445
"CO","2008",507986
"CO","2009",329545
"CO","2010",360003
"CO","2011",383513
"CO","2012",492224
"CO","2013",652180
"CO","2014",717506
"CO","2015",669054
"CO","2016",626109
"CO","2017",528543
"CO","2018",782679
"CO","2019",794659
"CO","2020",696612
"CO","2021",1278046
"CT","1950",12200
"CT","1951",18646
"CT","1952",22189
"CT","1953",19858
"CT","1954",25337
"CT","1955",23190
"CT","1956",28507
"CT","1957",29765
"CT","1958",30481
"CT","1959",27469
"CT","1960",30773
"CT","1961",30792
"CT","1962",38533
"CT","1963",47064
"CT","1964",51081
"CT","1965",57339
"CT","1966",67959
"CT","1967",80071
"CT","1968",79846
"CT","1969",86228
"CT","1970",119538
"CT","1971",126796
"CT","1972",122948
"CT","1973",138556
"CT","1974",139873
"CT","1975",140365
"CT","1976",143685
"CT","1977",201742
"CT","1978",199569
"CT","1979",231139
"CT","1980",246139
"CT","1981",248720
"CT","1982",349283
"CT","1983",357364
"CT","1984",401801
"CT","1985",489507
"CT","1986",616824
"CT","1987",630687
"CT","1988",601212
"CT","1989",799953
"CT","1990",679726
"CT","1991",515879
"CT","1992",593720
"CT","1993",713381
"CT","1994",701942
"CT","1995",698918
"CT","1996",641389
"CT","1997",567955
"CT","1998",534939
"CT","1999",474512
"CT","2000",426617
"CT","2001",387812
"CT","2002",149454
"CT","2003",344684
"CT","2004",379822
"CT","2005",574984
"CT","2006",634990
"CT","2007",894317
"CT","2008",604413
"CT","2009",444061
"CT","2010",507752
"CT","2011",681415
"CT","2012",625320
"CT","2013",568632
"CT","2014",627358
"CT","2015",650014
"CT","2016",765492
"CT","2017",897247
"CT","2018",770941
"CT","2019",2065833
"CT","2020",2062263
"CT","2021",2607064
"DE","1950",0
"DE","1951",0
"DE","1952",0
"DE","1953",0
"DE","1954",0
"DE","1955",0
"DE","1956",0
"DE","1957",0
"DE","1958",2348
"DE","1959",5163
"DE","1960",7478
"DE","1961",6741
"DE","1962",7295
"DE","1963",8890
"DE","1964",9997
"DE","1965",10185
"DE","1966",12991
"DE","1967",12723
"DE","1968",11578
"DE","1969",15079
"DE","1970",13446
"DE","1971",12383
"DE","1972",17518
"DE","1973",18585
"DE","1974",23467
"DE","1975",17545
"DE","1976",22861
"DE","1977",29036
"DE","1978",41900
"DE","1979",50091
"DE","1980",40553
"DE","1981",32914
"DE","1982",36138
"DE","1983",29790
"DE","1984",44857
"DE","1985",82480
"DE","1986",81065
"DE","1987",105097
"DE","1988",119323
"DE","1989",155400
"DE","1990",117802
"DE","1991",122457
"DE","1992",128737
"DE","1993",113748
"DE","1994",155070
"DE","1995",193649
"DE","1996",166021
"DE","1997",172562
"DE","1998",205274
"DE","1999",232528
"DE","2000",240319
"DE","2001",158703
"DE","2002",251643
"DE","2003",208283
"DE","2004",217768
"DE","2005",248869
"DE","2006",295577
"DE","2007",302222
"DE","2008",308676
"DE","2009",208677
"DE","2010",142417
"DE","2011",341965
"DE","2012",262378
"DE","2013",309644
"DE","2014",278872
"DE","2015",400746
"DE","2016",318152
"DE","2017",246175
"DE","2018",254802
"DE","2019",289974
"DE","2020",244913
"DE","2021",334805
"FL","1950",0
"FL","1951",0
"FL","1952",0
"FL","1953",0
"FL","1954",0
"FL","1955",0
"FL","1956",0
"FL","1957",0
"FL","1958",0
"FL","1959",0
"FL","1960",0
"FL","1961",0
"FL","1962",0
"FL","1963",0
"FL","1964",0
"FL","1965",0
"FL","1966",0
"FL","1967",0
"FL","1968",0
"FL","1969",0
"FL","1970",0
"FL","1971",0
"FL","1972",27874
"FL","1973",147708
"FL","1974",188778
"FL","1975",180256
"FL","1976",180740
"FL","1977",194199
"FL","1978",256189
"FL","1979",314409
"FL","1980",371405
"FL","1981",402471
"FL","1982",383827
"FL","1983",371453
"FL","1984",365446
"FL","1985",454088
"FL","1986",486925
"FL","1987",596434
"FL","1988",624032
"FL","1989",725364
"FL","1990",698825
"FL","1991",582149
"FL","1992",695114
"FL","1993",755900
"FL","1994",950235
"FL","1995",944969
"FL","1996",1007556
"FL","1997",1232731
"FL","1998",1271261
"FL","1999",1266959
"FL","2000",1182796
"FL","2001",1591473
"FL","2002",1218864
"FL","2003",1226980
"FL","2004",1441338
"FL","2005",1785213
"FL","2006",2405863
"FL","2007",2442516
"FL","2008",2208600
"FL","2009",1836800
"FL","2010",1793180
"FL","2011",1869870
"FL","2012",2003490
"FL","2013",2071710
"FL","2014",2043750
"FL","2015",2237500
"FL","2016",2272230
"FL","2017",2383783
"FL","2018",2426900
"FL","2019",3114711
"FL","2020",2481710
"FL","2021",3407190
"GA","1950",14589
"GA","1951",21781
"GA","1952",23524
"GA","1953",14212
"GA","1954",13121
"GA","1955",11574
"GA","1956",18481
"GA","1957",21850
"GA","1958",20408
"GA","1959",21116
"GA","1960",23634
"GA","1961",24445
"GA","1962",24880
"GA","1963",35953
"GA","1964",41049
"GA","1965",48139
"GA","1966",59288
"GA","1967",64608
"GA","1968",66353
"GA","1969",73223
"GA","1970",84735
"GA","1971",81688
"GA","1972",88928
"GA","1973",114114
"GA","1974",132629
"GA","1975",119353
"GA","1976",132741
"GA","1977",170885
"GA","1978",203823
"GA","1979",226125
"GA","1980",239713
"GA","1981",252235
"GA","1982",267683
"GA","1983",238834
"GA","1984",315960
"GA","1985",418251
"GA","1986",418119
"GA","1987",449176
"GA","1988",478969
"GA","1989",525015
"GA","1990",478218
"GA","1991",416558
"GA","1992",375286
"GA","1993",470710
"GA","1994",521399
"GA","1995",653296
"GA","1996",719400
"GA","1997",726321
"GA","1998",739738
"GA","1999",793173
"GA","2000",712421
"GA","2001",691473
"GA","2002",568080
"GA","2003",484139
"GA","2004",494701
"GA","2005",712310
"GA","2006",890732
"GA","2007",1017187
"GA","2008",943042
"GA","2009",694717
"GA","2010",684701
"GA","2011",670410
"GA","2012",590676
"GA","2013",797255
"GA","2014",943806
"GA","2015",1000536
"GA","2016",981002
"GA","2017",971898
"GA","2018",1004298
"GA","2019",1271270
"GA","2020",984087
"GA","2021",1750735
"HI","1950",0
"HI","1951",0
"HI","1952",0
"HI","1953",0
"HI","1954",0
"HI","1955",3113
"HI","1956",3499
"HI","1957",4165
"HI","1958",4616
"HI","1959",5658
"HI","1960",5649
"HI","1961",5826
"HI","1962",7303
"HI","1963",6102
"HI","1964",7053
"HI","1965",7567
"HI","1966",9950
"HI","1967",10525
"HI","1968",11196
"HI","1969",13748
"HI","1970",14578
"HI","1971",12876
"HI","1972",13532
"HI","1973",12889
"HI","1974",18166
"HI","1975",31505
"HI","1976",35354
"HI","1977",27605
"HI","1978",28995
"HI","1979",39876
"HI","1980",50259
"HI","1981",52745
"HI","1982",43202
"HI","1983",22026
"HI","1984",36978
"HI","1985",48717
"HI","1986",43661
"HI","1987",76793
"HI","1988",78053
"HI","1989",88099
"HI","1990",94750
"HI","1991",116380
"HI","1992",67768
"HI","1993",53127
"HI","1994",68429
"HI","1995",47296
"HI","1996",65547
"HI","1997",67570
"HI","1998",61755
"HI","1999",52414
"HI","2000",75271
"HI","2001",60499
"HI","2002",52640
"HI","2003",30603
"HI","2004",58119
"HI","2005",124125
"HI","2006",148084
"HI","2007",100847
"HI","2008",105294
"HI","2009",78597
"HI","2010",79853
"HI","2011",67859
"HI","2012",80256
"HI","2013",123661
"HI","2014",126045
"HI","2015",72249
"HI","2016",108169
"HI","2017",184840
"HI","2018",146831
"HI","2019",190484
"HI","2020",43679
"HI","2021",191426
"IA","1950",2652
"IA","1951",2961
"IA","1952",2884
"IA","1953",2312
"IA","1954",2258
"IA","1955",2284
"IA","1956",3190
"IA","1957",3861
"IA","1958",3232
"IA","1959",2693
"IA","1960",3807
"IA","1961",4559
"IA","1962",4486
"IA","1963",4664
"IA","1964",5017
"IA","1965",5887
"IA","1966",7793
"IA","1967",11974
"IA","1968",19082
"IA","1969",24105
"IA","1970",24273
"IA","1971",28359
"IA","1972",37109
"IA","1973",47288
"IA","1974",59416
"IA","1975",63612
"IA","1976",77831
"IA","1977",91894
"IA","1978",108961
"IA","1979",130074
"IA","1980",138564
"IA","1981",135868
"IA","1982",147115
"IA","1983",138483
"IA","1984",132093
"IA","1985",154412
"IA","1986",138588
"IA","1987",149602
"IA","1988",158040
"IA","1989",202685
"IA","1990",199558
"IA","1991",201929
"IA","1992",192818
"IA","1993",167046
"IA","1994",174285
"IA","1995",220675
"IA","1996",202929
"IA","1997",221041
"IA","1998",196841
"IA","1999",234540
"IA","2000",214605
"IA","2001",166745
"IA","2002",88310
"IA","2003",140031
"IA","2004",89826
"IA","2005",186469
"IA","2006",284976
"IA","2007",325077
"IA","2008",347248
"IA","2009",264365
"IA","2010",192138
"IA","2011",250272
"IA","2012",425776
"IA","2013",428554
"IA","2014",388699
"IA","2015",463238
"IA","2016",376865
"IA","2017",432020
"IA","2018",443187
"IA","2019",535594
"IA","2020",620486
"IA","2021",793641
"ID","1950",3297
"ID","1951",3500
"ID","1952",4064
"ID","1953",3518
"ID","1954",2908
"ID","1955",2678
"ID","1956",3645
"ID","1957",4135
"ID","1958",3810
"ID","1959",4730
"ID","1960",5778
"ID","1961",5493
"ID","1962",5157
"ID","1963",5410
"ID","1964",6071
"ID","1965",8160
"ID","1966",8493
"ID","1967",9579
"ID","1968",8008
"ID","1969",10032
"ID","1970",11125
"ID","1971",12563
"ID","1972",12894
"ID","1973",16024
"ID","1974",23076
"ID","1975",28162
"ID","1976",31752
"ID","1977",31034
"ID","1978",33326
"ID","1979",39247
"ID","1980",42604
"ID","1981",50875
"ID","1982",41136
"ID","1983",31114
"ID","1984",25374
"ID","1985",42682
"ID","1986",42652
"ID","1987",47308
"ID","1988",61352
"ID","1989",71621
"ID","1990",72692
"ID","1991",59712
"ID","1992",68171
"ID","1993",71029
"ID","1994",90061
"ID","1995",129470
"ID","1996",152735
"ID","1997",138277
"ID","1998",117694
"ID","1999",96146
"ID","2000",125860
"ID","2001",141986
"ID","2002",76769
"ID","2003",93490
"ID","2004",103784
"ID","2005",140585
"ID","2006",198302
"ID","2007",188229
"ID","2008",190194
"ID","2009",142240
"ID","2010",98327
"ID","2011",170214
"ID","2012",188589
"ID","2013",200340
"ID","2014",190002
"ID","2015",217082
"ID","2016",188996
"ID","2017",216641
"ID","2018",240809
"ID","2019",284961
"ID","2020",245969
"ID","2021",351479
"IL","1950",0
"IL","1951",0
"IL","1952",0
"IL","1953",0
"IL","1954",0
"IL","1955",0
"IL","1956",0
"IL","1957",0
"IL","1958",0
"IL","1959",0
"IL","1960",0
"IL","1961",0
"IL","1962",0
"IL","1963",0
"IL","1964",0
"IL","1965",0
"IL","1966",0
"IL","1967",0
"IL","1968",0
"IL","1969",0
"IL","1970",140956
"IL","1971",154984
"IL","1972",173912
"IL","1973",229083
"IL","1974",266944
"IL","1975",306828
"IL","1976",312131
"IL","1977",384410
"IL","1978",376098
"IL","1979",489178
"IL","1980",797927
"IL","1981",835017
"IL","1982",714196
"IL","1983",603900
"IL","1984",563961
"IL","1985",706009
"IL","1986",859707
"IL","1987",862435
"IL","1988",973704
"IL","1989",1073022
"IL","1990",939149
"IL","1991",940759
"IL","1992",970531
"IL","1993",1097305
"IL","1994",1229274
"IL","1995",1481460
"IL","1996",1621276
"IL","1997",1803931
"IL","1998",1961566
"IL","1999",2103927
"IL","2000",2261293
"IL","2001",2216842
"IL","2002",1383823
"IL","2003",1293188
"IL","2004",1278538
"IL","2005",2183066
"IL","2006",2400270
"IL","2007",2936360
"IL","2008",1860000
"IL","2009",1710000
"IL","2010",2686686
"IL","2011",2805458
"IL","2012",3494539
"IL","2013",4462627
"IL","2014",4439832
"IL","2015",4054267
"IL","2016",2742812
"IL","2017",2877499
"IL","2018",3319420
"IL","2019",3822382
"IL","2020",3491688
"IL","2021",5729501
"IN","1950",0
"IN","1951",0
"IN","1952",0
"IN","1953",0
"IN","1954",0
"IN","1955",0
"IN","1956",0
"IN","1957",0
"IN","1958",0
"IN","1959",0
"IN","1960",0
"IN","1961",0
"IN","1962",0
"IN","1963",0
"IN","1964",1673
"IN","1965",9395
"IN","1966",14248
"IN","1967",14462
"IN","1968",12463
"IN","1969",8839
"IN","1970",8597
"IN","1971",9580
"IN","1972",10526
"IN","1973",10084
"IN","1974",15400
"IN","1975",77427
"IN","1976",85487
"IN","1977",86198
"IN","1978",192068
"IN","1979",126876
"IN","1980",179191
"IN","1981",154873
"IN","1982",125845
"IN","1983",139968
"IN","1984",129939
"IN","1985",178346
"IN","1986",183565
"IN","1987",235709
"IN","1988",261125
"IN","1989",282022
"IN","1990",340978
"IN","1991",310394
"IN","1992",672100
"IN","1993",656228
"IN","1994",798600
"IN","1995",874305
"IN","1996",894403
"IN","1997",904265
"IN","1998",928218
"IN","1999",989627
"IN","2000",924623
"IN","2001",825017
"IN","2002",709412
"IN","2003",729164
"IN","2004",644787
"IN","2005",824802
"IN","2006",1043873
"IN","2007",987111
"IN","2008",909494
"IN","2009",838974
"IN","2010",597347
"IN","2011",681537
"IN","2012",794508
"IN","2013",781585
"IN","2014",866747
"IN","2015",903572
"IN","2016",1034367
"IN","2017",1025498
"IN","2018",698725
"IN","2019",752352
"IN","2020",756866
"IN","2021",1385158
"KS","1950",3456
"KS","1951",3644
"KS","1952",3790
"KS","1953",3289
"KS","1954",3550
"KS","1955",3777
"KS","1956",4421
"KS","1957",4605
"KS","1958",5803
"KS","1959",7099
"KS","1960",8434
"KS","1961",8637
"KS","1962",8956
"KS","1963",10934
"KS","1964",10765
"KS","1965",11536
"KS","1966",22736
"KS","1967",23931
"KS","1968",19711
"KS","1969",20126
"KS","1970",19258
"KS","1971",25112
"KS","1972",33153
"KS","1973",53821
"KS","1974",76766
"KS","1975",85887
"KS","1976",92848
"KS","1977",122712
"KS","1978",128513
"KS","1979",141115
"KS","1980",149517
"KS","1981",150421
"KS","1982",122549
"KS","1983",141347
"KS","1984",136665
"KS","1985",159670
"KS","1986",156344
"KS","1987",137061
"KS","1988",195520
"KS","1989",198305
"KS","1990",210462
"KS","1991",212950
"KS","1992",198998
"KS","1993",219074
"KS","1994",254892
"KS","1995",261408
"KS","1996",254873
"KS","1997",291080
"KS","1998",305914
"KS","1999",253840
"KS","2000",272432
"KS","2001",236723
"KS","2002",121931
"KS","2003",124519
"KS","2004",166609
"KS","2005",248085
"KS","2006",381259
"KS","2007",527427
"KS","2008",528011
"KS","2009",370889
"KS","2010",352419
"KS","2011",246518
"KS","2012",317578
"KS","2013",384553
"KS","2014",330181
"KS","2015",458306
"KS","2016",391877
"KS","2017",386966
"KS","2018",437967
"KS","2019",486421
"KS","2020",433931
"KS","2021",727435
"KY","1950",8305
"KY","1951",9400
"KY","1952",10853
"KY","1953",9765
"KY","1954",8343
"KY","1955",10591
"KY","1956",11855
"KY","1957",17470
"KY","1958",17584
"KY","1959",16690
"KY","1960",20240
"KY","1961",22612
"KY","1962",20969
"KY","1963",21710
"KY","1964",23255
"KY","1965",29214
"KY","1966",36253
"KY","1967",40450
"KY","1968",36375
"KY","1969",39375
"KY","1970",39459
"KY","1971",40093
"KY","1972",53903
"KY","1973",69338
"KY","1974",83364
"KY","1975",116626
"KY","1976",134785
"KY","1977",131254
"KY","1978",138597
"KY","1979",163368
"KY","1980",158846
"KY","1981",154786
"KY","1982",166815
"KY","1983",172120
"KY","1984",198261
"KY","1985",211284
"KY","1986",233524
"KY","1987",267378
"KY","1988",255760
"KY","1989",310803
"KY","1990",279483
"KY","1991",319351
"KY","1992",271027
"KY","1993",254775
"KY","1994",269067
"KY","1995",340912
"KY","1996",284733
"KY","1997",292753
"KY","1998",333666
"KY","1999",312067
"KY","2000",306450
"KY","2001",361390
"KY","2002",302129
"KY","2003",369572
"KY","2004",381538
"KY","2005",478505
"KY","2006",1001619
"KY","2007",988065
"KY","2008",533630
"KY","2009",389634
"KY","2010",383815
"KY","2011",516523
"KY","2012",575164
"KY","2013",646875
"KY","2014",674464
"KY","2015",751910
"KY","2016",606840
"KY","2017",458650
"KY","2018",749500
"KY","2019",762700
"KY","2020",639200
"KY","2021",926075
"LA","1950",0
"LA","1951",0
"LA","1952",0
"LA","1953",0
"LA","1954",0
"LA","1955",0
"LA","1956",0
"LA","1957",0
"LA","1958",17201
"LA","1959",18203
"LA","1960",18331
"LA","1961",17325
"LA","1962",23316
"LA","1963",17516
"LA","1964",22144
"LA","1965",27356
"LA","1966",31766
"LA","1967",34446
"LA","1968",34305
"LA","1969",34580
"LA","1970",34770
"LA","1971",51299
"LA","1972",79523
"LA","1973",78781
"LA","1974",67603
"LA","1975",78718
"LA","1976",87741
"LA","1977",95248
"LA","1978",186956
"LA","1979",214083
"LA","1980",249338
"LA","1981",266611
"LA","1982",291953
"LA","1983",321372
"LA","1984",262100
"LA","1985",293598
"LA","1986",263815
"LA","1987",191189
"LA","1988",219894
"LA","1989",344584
"LA","1990",393978
"LA","1991",326659
"LA","1992",232061
"LA","1993",245273
"LA","1994",219190
"LA","1995",283076
"LA","1996",327543
"LA","1997",380155
"LA","1998",359510
"LA","1999",286323
"LA","2000",222008
"LA","2001",293056
"LA","2002",264419
"LA","2003",198716
"LA","2004",236745
"LA","2005",352136
"LA","2006",506174
"LA","2007",752773
"LA","2008",703196
"LA","2009",612545
"LA","2010",393036
"LA","2011",196732
"LA","2012",290389
"LA","2013",252430
"LA","2014",481212
"LA","2015",253650
"LA","2016",171579
"LA","2017",291321
"LA","2018",358208
"LA","2019",495388
"LA","2020",450449
"LA","2021",587747
"MA","1950",19450
"MA","1951",26309
"MA","1952",29114
"MA","1953",24653
"MA","1954",26066
"MA","1955",22344
"MA","1956",24723
"MA","1957",30449
"MA","1958",29619
"MA","1959",29558
"MA","1960",28539
"MA","1961",34756
"MA","1962",33048
"MA","1963",35882
"MA","1964",41820
"MA","1965",49162
"MA","1966",49830
"MA","1967",56070
"MA","1968",167058
"MA","1969",185068
"MA","1970",218279
"MA","1971",203066
"MA","1972",239624
"MA","1973",259401
"MA","1974",283634
"MA","1975",268521
"MA","1976",325122
"MA","1977",397237
"MA","1978",404777
"MA","1979",483281
"MA","1980",532383
"MA","1981",536069
"MA","1982",598283
"MA","1983",660654
"MA","1984",729634
"MA","1985",851283
"MA","1986",1080049
"MA","1987",1113164
"MA","1988",1068341
"MA","1989",1189321
"MA","1990",871195
"MA","1991",719569
"MA","1992",756781
"MA","1993",959332
"MA","1994",1062930
"MA","1995",1205667
"MA","1996",1227861
"MA","1997",1213366
"MA","1998",1354899
"MA","1999",1249673
"MA","2000",1306353
"MA","2001",1211584
"MA","2002",812257
"MA","2003",1184610
"MA","2004",1301076
"MA","2005",1332796
"MA","2006",1859109
"MA","2007",2106898
"MA","2008",2179956
"MA","2009",1789553
"MA","2010",1834859
"MA","2011",1931571
"MA","2012",2001780
"MA","2013",1888449
"MA","2014",2194620
"MA","2015",2227381
"MA","2016",2333892
"MA","2017",2196474
"MA","2018",2408947
"MA","2019",2946667
"MA","2020",2532411
"MA","2021",3672995
"MD","1950",10463
"MD","1951",12283
"MD","1952",14627
"MD","1953",16304
"MD","1954",13961
"MD","1955",14639
"MD","1956",23574
"MD","1957",19457
"MD","1958",20346
"MD","1959",18188
"MD","1960",20381
"MD","1961",20498
"MD","1962",19822
"MD","1963",22544
"MD","1964",23829
"MD","1965",27803
"MD","1966",32729
"MD","1967",35663
"MD","1968",36712
"MD","1969",54749
"MD","1970",60109
"MD","1971",70260
"MD","1972",77441
"MD","1973",80035
"MD","1974",90065
"MD","1975",92004
"MD","1976",109254
"MD","1977",115297
"MD","1978",126802
"MD","1979",145571
"MD","1980",165857
"MD","1981",156338
"MD","1982",148857
"MD","1983",148423
"MD","1984",198364
"MD","1985",246123
"MD","1986",250331
"MD","1987",270489
"MD","1988",313070
"MD","1989",331079
"MD","1990",292552
"MD","1991",255488
"MD","1992",216946
"MD","1993",260401
"MD","1994",320068
"MD","1995",365759
"MD","1996",330553
"MD","1997",343499
"MD","1998",378714
"MD","1999",404967
"MD","2000",431109
"MD","2001",501365
"MD","2002",359420
"MD","2003",379020
"MD","2004",569700
"MD","2005",807054
"MD","2006",846863
"MD","2007",782030
"MD","2008",735324
"MD","2009",749001
"MD","2010",891392
"MD","2011",775845
"MD","2012",880356
"MD","2013",952092
"MD","2014",982784
"MD","2015",1003588
"MD","2016",1129008
"MD","2017",1001934
"MD","2018",1033175
"MD","2019",1301050
"MD","2020",1325456
"MD","2021",1840705
"ME","1950",0
"ME","1951",0
"ME","1952",0
"ME","1953",0
"ME","1954",0
"ME","1955",0
"ME","1956",0
"ME","1957",0
"ME","1958",0
"ME","1959",0
"ME","1960",0
"ME","1961",0
"ME","1962",0
"ME","1963",0
"ME","1964",0
"ME","1965",0
"ME","1966",0
"ME","1967",0
"ME","1968",0
"ME","1969",0
"ME","1970",8257
"ME","1971",8558
"ME","1972",8588
"ME","1973",10044
"ME","1974",13202
"ME","1975",20181
"ME","1976",32642
"ME","1977",35200
"ME","1978",34307
"ME","1979",41240
"ME","1980",45086
"ME","1981",39193
"ME","1982",36090
"ME","1983",33043
"ME","1984",52004
"ME","1985",53537
"ME","1986",51870
"ME","1987",68336
"ME","1988",84704
"ME","1989",96333
"ME","1990",57658
"ME","1991",76053
"ME","1992",69921
"ME","1993",74933
"ME","1994",91955
"ME","1995",63290
"ME","1996",71062
"ME","1997",97146
"ME","1998",107125
"ME","1999",147489
"ME","2000",150046
"ME","2001",96283
"ME","2002",77366
"ME","2003",91188
"ME","2004",111616
"ME","2005",135863
"ME","2006",188016
"ME","2007",183852
"ME","2008",184515
"ME","2009",143086
"ME","2010",175292
"ME","2011",208997
"ME","2012",232118
"ME","2013",171987
"ME","2014",182928
"ME","2015",168966
"ME","2016",137492
"ME","2017",175239
"ME","2018",185737
"ME","2019",252867
"ME","2020",216131
"ME","2021",284317
"MI","1950",0
"MI","1951",0
"MI","1952",0
"MI","1953",0
"MI","1954",0
"MI","1955",0
"MI","1956",0
"MI","1957",0
"MI","1958",0
"MI","1959",0
"MI","1960",0
"MI","1961",0
"MI","1962",0
"MI","1963",0
"MI","1964",0
"MI","1965",0
"MI","1966",0
"MI","1967",0
"MI","1968",39986
"MI","1969",216847
"MI","1970",194602
"MI","1971",164786
"MI","1972",283527
"MI","1973",364380
"MI","1974",309122
"MI","1975",222640
"MI","1976",334484
"MI","1977",789379
"MI","1978",908680
"MI","1979",991555
"MI","1980",910732
"MI","1981",943909
"MI","1982",952280
"MI","1983",1004269
"MI","1984",1289915
"MI","1985",1391863
"MI","1986",1449598
"MI","1987",1524371
"MI","1988",1856105
"MI","1989",1862126
"MI","1990",1815601
"MI","1991",1593109
"MI","1992",1729549
"MI","1993",1843420
"MI","1994",2174644
"MI","1995",2130395
"MI","1996",2189742
"MI","1997",2228753
"MI","1998",2354764
"MI","1999",2413615
"MI","2000",2382496
"MI","2001",2102093
"MI","2002",2065241
"MI","2003",1843072
"MI","2004",1841010
"MI","2005",1907190
"MI","2006",1886168
"MI","2007",1786213
"MI","2008",1778317
"MI","2009",703250
"MI","2010",631895
"MI","2011",728842
"MI","2012",804037
"MI","2013",900667
"MI","2014",881011
"MI","2015",1185568
"MI","2016",1052320
"MI","2017",1195399
"MI","2018",971032
"MI","2019",1142671
"MI","2020",812842
"MI","2021",1496498
"MN","1950",15568
"MN","1951",19154
"MN","1952",21696
"MN","1953",16222
"MN","1954",14505
"MN","1955",16238
"MN","1956",20452
"MN","1957",21706
"MN","1958",26206
"MN","1959",26072
"MN","1960",39840
"MN","1961",37186
"MN","1962",34990
"MN","1963",37743
"MN","1964",40286
"MN","1965",45025
"MN","1966",75298
"MN","1967",69604
"MN","1968",65892
"MN","1969",82642
"MN","1970",79832
"MN","1971",79969
"MN","1972",112403
"MN","1973",170655
"MN","1974",190336
"MN","1975",195905
"MN","1976",196436
"MN","1977",258095
"MN","1978",292853
"MN","1979",356734
"MN","1980",381217
"MN","1981",331718
"MN","1982",325295
"MN","1983",253970
"MN","1984",305498
"MN","1985",383264
"MN","1986",367312
"MN","1987",422999
"MN","1988",411960
"MN","1989",487818
"MN","1990",481854
"MN","1991",458271
"MN","1992",422812
"MN","1993",509534
"MN","1994",551822
"MN","1995",665756
"MN","1996",703099
"MN","1997",699234
"MN","1998",753188
"MN","1999",779176
"MN","2000",803357
"MN","2001",732004
"MN","2002",533901
"MN","2003",596584
"MN","2004",637183
"MN","2005",933896
"MN","2006",1071884
"MN","2007",1183816
"MN","2008",1040479
"MN","2009",779055
"MN","2010",721742
"MN","2011",1003657
"MN","2012",1066022
"MN","2013",1223309
"MN","2014",1325656
"MN","2015",1476629
"MN","2016",1515697
"MN","2017",1227028
"MN","2018",1357004
"MN","2019",1711659
"MN","2020",1604450
"MN","2021",2423383
"MO","1950",0
"MO","1951",0
"MO","1952",0
"MO","1953",0
"MO","1954",0
"MO","1955",0
"MO","1956",0
"MO","1957",0
"MO","1958",10000
"MO","1959",9000
"MO","1960",10000
"MO","1961",12000
"MO","1962",12000
"MO","1963",10450
"MO","1964",10750
"MO","1965",13333
"MO","1966",11161
"MO","1967",15127
"MO","1968",23804
"MO","1969",18505
"MO","1970",21287
"MO","1971",27322
"MO","1972",50012
"MO","1973",62664
"MO","1974",54683
"MO","1975",56405
"MO","1976",83680
"MO","1977",105772
"MO","1978",111952
"MO","1979",129953
"MO","1980",135103
"MO","1981",128282
"MO","1982",123072
"MO","1983",118625
"MO","1984",165652
"MO","1985",160564
"MO","1986",174199
"MO","1987",235352
"MO","1988",224228
"MO","1989",243226
"MO","1990",221471
"MO","1991",224759
"MO","1992",229730
"MO","1993",192718
"MO","1994",252392
"MO","1995",369424
"MO","1996",425542
"MO","1997",411045
"MO","1998",357904
"MO","1999",276523
"MO","2000",265467
"MO","2001",236261
"MO","2002",300459
"MO","2003",205729
"MO","2004",224366
"MO","2005",218229
"MO","2006",343689
"MO","2007",390657
"MO","2008",384010
"MO","2009",278661
"MO","2010",206936
"MO","2011",323593
"MO","2012",301681
"MO","2013",377258
"MO","2014",357724
"MO","2015",425776
"MO","2016",328736
"MO","2017",307443
"MO","2018",333724
"MO","2019",369010
"MO","2020",364460
"MO","2021",686857
"MS","1950",7637
"MS","1951",8841
"MS","1952",10042
"MS","1953",8889
"MS","1954",10940
"MS","1955",10360
"MS","1956",11762
"MS","1957",13920
"MS","1958",12473
"MS","1959",12118
"MS","1960",13460
"MS","1961",12518
"MS","1962",13074
"MS","1963",12970
"MS","1964",12990
"MS","1965",14540
"MS","1966",15849
"MS","1967",16977
"MS","1968",17666
"MS","1969",33276
"MS","1970",19949
"MS","1971",20083
"MS","1972",22953
"MS","1973",26088
"MS","1974",30065
"MS","1975",33704
"MS","1976",41128
"MS","1977",45873
"MS","1978",52710
"MS","1979",58324
"MS","1980",64369
"MS","1981",63832
"MS","1982",70987
"MS","1983",68794
"MS","1984",110196
"MS","1985",106484
"MS","1986",97301
"MS","1987",102865
"MS","1988",96170
"MS","1989",142787
"MS","1990",119985
"MS","1991",139823
"MS","1992",146308
"MS","1993",171049
"MS","1994",167873
"MS","1995",203339
"MS","1996",201742
"MS","1997",225924
"MS","1998",244301
"MS","1999",229501
"MS","2000",227716
"MS","2001",210786
"MS","2002",195814
"MS","2003",288778
"MS","2004",243846
"MS","2005",283231
"MS","2006",316981
"MS","2007",369205
"MS","2008",384643
"MS","2009",324301
"MS","2010",316331
"MS","2011",347963
"MS","2012",395679
"MS","2013",415980
"MS","2014",526302
"MS","2015",534547
"MS","2016",463111
"MS","2017",407913
"MS","2018",437407
"MS","2019",494811
"MS","2020",421425
"MS","2021",550199
"MT","1950",1678
"MT","1951",2615
"MT","1952",2284
"MT","1953",1610
"MT","1954",1812
"MT","1955",1573
"MT","1956",3005
"MT","1957",2360
"MT","1958",2358
"MT","1959",2920
"MT","1960",4671
"MT","1961",4679
"MT","1962",4535
"MT","1963",4723
"MT","1964",5051
"MT","1965",5871
"MT","1966",6958
"MT","1967",7608
"MT","1968",7329
"MT","1969",8070
"MT","1970",9696
"MT","1971",9546
"MT","1972",11523
"MT","1973",12057
"MT","1974",15736
"MT","1975",22079
"MT","1976",23020
"MT","1977",24957
"MT","1978",29239
"MT","1979",36092
"MT","1980",45623
"MT","1981",52901
"MT","1982",44630
"MT","1983",35825
"MT","1984",35396
"MT","1985",62671
"MT","1986",58585
"MT","1987",34568
"MT","1988",46200
"MT","1989",56140
"MT","1990",80316
"MT","1991",70784
"MT","1992",57683
"MT","1993",85054
"MT","1994",68872
"MT","1995",75520
"MT","1996",75762
"MT","1997",81999
"MT","1998",77928
"MT","1999",89624
"MT","2000",99772
"MT","2001",103670
"MT","2002",68173
"MT","2003",44137
"MT","2004",67723
"MT","2005",98214
"MT","2006",153675
"MT","2007",178707
"MT","2008",161713
"MT","2009",164255
"MT","2010",93225
"MT","2011",123985
"MT","2012",132361
"MT","2013",170999
"MT","2014",150139
"MT","2015",168039
"MT","2016",118969
"MT","2017",124821
"MT","2018",175954
"MT","2019",185097
"MT","2020",186297
"MT","2021",268444
"NC","1950",30015
"NC","1951",39101
"NC","1952",42564
"NC","1953",38429
"NC","1954",37907
"NC","1955",34957
"NC","1956",44134
"NC","1957",45582
"NC","1958",45575
"NC","1959",41044
"NC","1960",51516
"NC","1961",55330
"NC","1962",56796
"NC","1963",62655
"NC","1964",66218
"NC","1965",79441
"NC","1966",90481
"NC","1967",98494
"NC","1968",96888
"NC","1969",112457
"NC","1970",112408
"NC","1971",116707
"NC","1972",123502
"NC","1973",139239
"NC","1974",153289
"NC","1975",166447
"NC","1976",156661
"NC","1977",204291
"NC","1978",230088
"NC","1979",254778
"NC","1980",291752
"NC","1981",279937
"NC","1982",277460
"NC","1983",306534
"NC","1984",368047
"NC","1985",490296
"NC","1986",512095
"NC","1987",566480
"NC","1988",633049
"NC","1989",789261
"NC","1990",612388
"NC","1991",499958
"NC","1992",643865
"NC","1993",710658
"NC","1994",737260
"NC","1995",906007
"NC","1996",939278
"NC","1997",981378
"NC","1998",999759
"NC","1999",920583
"NC","2000",1197162
"NC","2001",723635
"NC","2002",668124
"NC","2003",898369
"NC","2004",837085
"NC","2005",1271985
"NC","2006",1308022
"NC","2007",1565544
"NC","2008",1206412
"NC","2009",901445
"NC","2010",1294314
"NC","2011",1092078
"NC","2012",1220072
"NC","2013",1285907
"NC","2014",1360628
"NC","2015",1330223
"NC","2016",1066511
"NC","2017",757041
"NC","2018",742512
"NC","2019",836415
"NC","2020",662343
"NC","2021",1515650
"ND","1950",1306
"ND","1951",1351
"ND","1952",1391
"ND","1953",967
"ND","1954",940
"ND","1955",997
"ND","1956",1205
"ND","1957",1174
"ND","1958",1297
"ND","1959",1515
"ND","1960",1414
"ND","1961",1512
"ND","1962",1766
"ND","1963",1812
"ND","1964",2028
"ND","1965",2472
"ND","1966",3054
"ND","1967",3335
"ND","1968",3787
"ND","1969",2188
"ND","1970",2998
"ND","1971",7723
"ND","1972",8872
"ND","1973",10089
"ND","1974",14526
"ND","1975",19964
"ND","1976",19572
"ND","1977",21800
"ND","1978",20921
"ND","1979",28871
"ND","1980",36348
"ND","1981",41051
"ND","1982",37734
"ND","1983",30594
"ND","1984",43712
"ND","1985",84445
"ND","1986",56312
"ND","1987",33442
"ND","1988",41765
"ND","1989",42433
"ND","1990",46762
"ND","1991",50911
"ND","1992",38610
"ND","1993",54174
"ND","1994",71461
"ND","1995",69880
"ND","1996",74299
"ND","1997",75223
"ND","1998",82544
"ND","1999",93595
"ND","2000",78221
"ND","2001",63390
"ND","2002",49990
"ND","2003",55989
"ND","2004",49807
"ND","2005",75836
"ND","2006",120113
"ND","2007",136424
"ND","2008",161925
"ND","2009",129542
"ND","2010",88347
"ND","2011",160640
"ND","2012",215622
"ND","2013",225719
"ND","2014",250438
"ND","2015",186039
"ND","2016",103069
"ND","2017",60871
"ND","2018",107277
"ND","2019",146523
"ND","2020",81490
"ND","2021",155458
"NE","1950",0
"NE","1951",0
"NE","1952",0
"NE","1953",0
"NE","1954",0
"NE","1955",0
"NE","1956",0
"NE","1957",0
"NE","1958",0
"NE","1959",0
"NE","1960",0
"NE","1961",0
"NE","1962",0
"NE","1963",0
"NE","1964",0
"NE","1965",0
"NE","1966",0
"NE","1967",0
"NE","1968",1374
"NE","1969",6866
"NE","1970",8550
"NE","1971",9405
"NE","1972",10106
"NE","1973",14010
"NE","1974",21949
"NE","1975",25858
"NE","1976",28514
"NE","1977",41946
"NE","1978",47067
"NE","1979",49985
"NE","1980",57579
"NE","1981",54128
"NE","1982",48498
"NE","1983",51635
"NE","1984",66909
"NE","1985",48959
"NE","1986",54559
"NE","1987",67423
"NE","1988",73783
"NE","1989",80624
"NE","1990",71948
"NE","1991",81948
"NE","1992",103617
"NE","1993",102755
"NE","1994",113142
"NE","1995",123924
"NE","1996",126801
"NE","1997",137338
"NE","1998",142150
"NE","1999",135034
"NE","2000",140022
"NE","2001",138040
"NE","2002",107628
"NE","2003",111597
"NE","2004",167429
"NE","2005",198380
"NE","2006",262296
"NE","2007",213027
"NE","2008",232852
"NE","2009",198442
"NE","2010",154332
"NE","2011",154945
"NE","2012",234296
"NE","2013",275563
"NE","2014",306591
"NE","2015",344477
"NE","2016",307672
"NE","2017",264440
"NE","2018",313690
"NE","2019",423738
"NE","2020",391164
"NE","2021",571220
"NH","1950",0
"NH","1951",0
"NH","1952",0
"NH","1953",0
"NH","1954",0
"NH","1955",0
"NH","1956",0
"NH","1957",0
"NH","1958",0
"NH","1959",0
"NH","1960",0
"NH","1961",0
"NH","1962",0
"NH","1963",0
"NH","1964",0
"NH","1965",0
"NH","1966",0
"NH","1967",0
"NH","1968",0
"NH","1969",0
"NH","1970",0
"NH","1971",12377
"NH","1972",16340
"NH","1973",19061
"NH","1974",23881
"NH","1975",26320
"NH","1976",24146
"NH","1977",32563
"NH","1978",52453
"NH","1979",64018
"NH","1980",62786
"NH","1981",57339
"NH","1982",79808
"NH","1983",73960
"NH","1984",95664
"NH","1985",95421
"NH","1986",99063
"NH","1987",159747
"NH","1988",145680
"NH","1989",152005
"NH","1990",126589
"NH","1991",122205
"NH","1992",95635
"NH","1993",126169
"NH","1994",144157
"NH","1995",166451
"NH","1996",179652
"NH","1997",208388
"NH","1998",236193
"NH","1999",255818
"NH","2000",312176
"NH","2001",350363
"NH","2002",377313
"NH","2003",396162
"NH","2004",407603
"NH","2005",476489
"NH","2006",542644
"NH","2007",595789
"NH","2008",614794
"NH","2009",493431
"NH","2010",499669
"NH","2011",518405
"NH","2012",521309
"NH","2013",553197
"NH","2014",542847
"NH","2015",576679
"NH","2016",573653
"NH","2017",573653
"NH","2018",790011
"NH","2019",831765
"NH","2020",780672
"NH","2021",1009975
"NJ","1950",0
"NJ","1951",0
"NJ","1952",0
"NJ","1953",0
"NJ","1954",0
"NJ","1955",0
"NJ","1956",0
"NJ","1957",0
"NJ","1958",0
"NJ","1959",18333
"NJ","1960",27690
"NJ","1961",26350
"NJ","1962",25250
"NJ","1963",30835
"NJ","1964",31733
"NJ","1965",35839
"NJ","1966",42916
"NJ","1967",48479
"NJ","1968",75582
"NJ","1969",156631
"NJ","1970",169178
"NJ","1971",112312
"NJ","1972",119528
"NJ","1973",170588
"NJ","1974",197591
"NJ","1975",202780
"NJ","1976",228966
"NJ","1977",332775
"NJ","1978",398227
"NJ","1979",429861
"NJ","1980",497205
"NJ","1981",574920
"NJ","1982",724869
"NJ","1983",664415
"NJ","1984",830106
"NJ","1985",923166
"NJ","1986",954885
"NJ","1987",1088311
"NJ","1988",1181849
"NJ","1989",1309625
"NJ","1990",1123096
"NJ","1991",1030620
"NJ","1992",845823
"NJ","1993",946641
"NJ","1994",1085055
"NJ","1995",1028947
"NJ","1996",1155270
"NJ","1997",1263979
"NJ","1998",1178053
"NJ","1999",1333955
"NJ","2000",1347336
"NJ","2001",1300785
"NJ","2002",1101296
"NJ","2003",2397043
"NJ","2004",1896998
"NJ","2005",2224633
"NJ","2006",2508428
"NJ","2007",2887137
"NJ","2008",2819906
"NJ","2009",2397471
"NJ","2010",2047474
"NJ","2011",2216438
"NJ","2012",1929133
"NJ","2013",2282055
"NJ","2014",2368068
"NJ","2015",2579391
"NJ","2016",2229487
"NJ","2017",2109930
"NJ","2018",2235653
"NJ","2019",3909308
"NJ","2020",3565191
"NJ","2021",5959760
"NM","1950",1255
"NM","1951",1303
"NM","1952",1271
"NM","1953",1080
"NM","1954",1052
"NM","1955",0
"NM","1956",0
"NM","1957",0
"NM","1958",0
"NM","1959",0
"NM","1960",0
"NM","1961",0
"NM","1962",0
"NM","1963",0
"NM","1964",0
"NM","1965",0
"NM","1966",0
"NM","1967",6460
"NM","1968",4330
"NM","1969",5128
"NM","1970",8072
"NM","1971",10119
"NM","1972",13211
"NM","1973",15063
"NM","1974",16160
"NM","1975",18344
"NM","1976",23504
"NM","1977",29486
"NM","1978",37608
"NM","1979",40514
"NM","1980",46272
"NM","1981",53523
"NM","1982",60265
"NM","1983",61742
"NM","1984",53399
"NM","1985",65056
"NM","1986",72130
"NM","1987",99139
"NM","1988",49576
"NM","1989",76542
"NM","1990",61732
"NM","1991",48989
"NM","1992",77786
"NM","1993",90428
"NM","1994",122528
"NM","1995",150343
"NM","1996",163402
"NM","1997",173205
"NM","1998",180021
"NM","1999",163964
"NM","2000",159338
"NM","2001",190673
"NM","2002",124327
"NM","2003",101546
"NM","2004",138196
"NM","2005",242462
"NM","2006",377185
"NM","2007",459880
"NM","2008",403500
"NM","2009",162500
"NM","2010",125100
"NM","2011",229800
"NM","2012",276707
"NM","2013",266466
"NM","2014",205702
"NM","2015",249947
"NM","2016",89708
"NM","2017",89708
"NM","2018",111297
"NM","2019",202367
"NM","2020",95556
"NM","2021",152728
"NV","1950",0
"NV","1951",0
"NV","1952",0
"NV","1953",0
"NV","1954",0
"NV","1955",0
"NV","1956",0
"NV","1957",0
"NV","1958",0
"NV","1959",0
"NV","1960",0
"NV","1961",0
"NV","1962",0
"NV","1963",0
"NV","1964",0
"NV","1965",0
"NV","1966",0
"NV","1967",0
"NV","1968",0
"NV","1969",0
"NV","1970",0
"NV","1971",0
"NV","1972",0
"NV","1973",0
"NV","1974",0
"NV","1975",0
"NV","1976",0
"NV","1977",0
"NV","1978",0
"NV","1979",0
"NV","1980",0
"NV","1981",0
"NV","1982",0
"NV","1983",0
"NV","1984",0
"NV","1985",0
"NV","1986",0
"NV","1987",0
"NV","1988",0
"NV","1989",0
"NV","1990",0
"NV","1991",0
"NV","1992",0
"NV","1993",0
"NV","1994",0
"NV","1995",0
"NV","1996",0
"NV","1997",0
"NV","1998",0
"NV","1999",0
"NV","2000",0
"NV","2001",0
"NV","2002",0
"NV","2003",0
"NV","2004",0
"NV","2005",0
"NV","2006",0
"NV","2007",0
"NV","2008",0
"NV","2009",0
"NV","2010",0
"NV","2011",0
"NV","2012",0
"NV","2013",0
"NV","2014",0
"NV","2015",0
"NV","2016",0
"NV","2017",0
"NV","2018",0
"NV","2019",0
"NV","2020",0
"NV","2021",0
"NY","1950",180664
"NY","1951",167280
"NY","1952",218129
"NY","1953",225720
"NY","1954",204449
"NY","1955",207215
"NY","1956",223077
"NY","1957",251284
"NY","1958",258320
"NY","1959",254256
"NY","1960",256309
"NY","1961",279057
"NY","1962",298778
"NY","1963",423243
"NY","1964",421700
"NY","1965",527808
"NY","1966",392358
"NY","1967",443738
"NY","1968",412310
"NY","1969",610307
"NY","1970",693151
"NY","1971",572328
"NY","1972",781010
"NY","1973",874627
"NY","1974",874379
"NY","1975",967401
"NY","1976",1132756
"NY","1977",1295001
"NY","1978",1344610
"NY","1979",1223281
"NY","1980",1235340
"NY","1981",1524968
"NY","1982",1342051
"NY","1983",1339005
"NY","1984",1524619
"NY","1985",1859979
"NY","1986",1901879
"NY","1987",2143390
"NY","1988",2172245
"NY","1989",2008913
"NY","1990",1885429
"NY","1991",2030332
"NY","1992",2518790
"NY","1993",2637556
"NY","1994",3120034
"NY","1995",2814568
"NY","1996",2729835
"NY","1997",3042094
"NY","1998",3127524
"NY","1999",2888041
"NY","2000",2771556
"NY","2001",3199483
"NY","2002",2257935
"NY","2003",2089104
"NY","2004",2044504
"NY","2005",2784721
"NY","2006",4018199
"NY","2007",5416105
"NY","2008",5037830
"NY","2009",4427675
"NY","2010",3895349
"NY","2011",4015628
"NY","2012",4567889
"NY","2013",4920605
"NY","2014",4861687
"NY","2015",5084187
"NY","2016",4181811
"NY","2017",4026353
"NY","2018",3079974
"NY","2019",4296595
"NY","2020",4824289
"NY","2021",4954149
"OH","1950",0
"OH","1951",0
"OH","1952",0
"OH","1953",0
"OH","1954",0
"OH","1955",0
"OH","1956",0
"OH","1957",0
"OH","1958",0
"OH","1959",0
"OH","1960",0
"OH","1961",0
"OH","1962",0
"OH","1963",0
"OH","1964",0
"OH","1965",0
"OH","1966",0
"OH","1967",0
"OH","1968",0
"OH","1969",0
"OH","1970",0
"OH","1971",0
"OH","1972",134698
"OH","1973",167970
"OH","1974",190584
"OH","1975",267315
"OH","1976",265052
"OH","1977",315481
"OH","1978",461393
"OH","1979",505001
"OH","1980",517344
"OH","1981",490637
"OH","1982",548091
"OH","1983",415017
"OH","1984",524891
"OH","1985",437129
"OH","1986",477794
"OH","1987",474588
"OH","1988",582026
"OH","1989",730510
"OH","1990",643428
"OH","1991",630183
"OH","1992",641701
"OH","1993",677183
"OH","1994",652543
"OH","1995",713252
"OH","1996",807435
"OH","1997",737363
"OH","1998",765883
"OH","1999",751567
"OH","2000",630607
"OH","2001",663376
"OH","2002",761050
"OH","2003",794645
"OH","2004",1060594
"OH","2005",1327484
"OH","2006",1105864
"OH","2007",1125654
"OH","2008",754633
"OH","2009",521363
"OH","2010",142318
"OH","2011",237205
"OH","2012",117446
"OH","2013",262226
"OH","2014",-118
"OH","2015",2586
"OH","2016",33235
"OH","2017",8833
"OH","2018",9046
"OH","2019",7306
"OH","2020",3683
"OH","2021",5955
"OK","1950",7893
"OK","1951",8289
"OK","1952",8850
"OK","1953",8538
"OK","1954",7844
"OK","1955",8147
"OK","1956",9801
"OK","1957",10457
"OK","1958",10841
"OK","1959",11279
"OK","1960",12166
"OK","1961",14676
"OK","1962",14575
"OK","1963",20673
"OK","1964",16863
"OK","1965",17084
"OK","1966",22323
"OK","1967",21510
"OK","1968",24229
"OK","1969",22135
"OK","1970",27490
"OK","1971",25207
"OK","1972",28014
"OK","1973",35434
"OK","1974",40386
"OK","1975",42533
"OK","1976",53430
"OK","1977",70635
"OK","1978",91375
"OK","1979",94501
"OK","1980",89869
"OK","1981",128697
"OK","1982",139022
"OK","1983",103325
"OK","1984",97223
"OK","1985",104522
"OK","1986",107077
"OK","1987",88703
"OK","1988",83725
"OK","1989",112851
"OK","1990",95920
"OK","1991",137582
"OK","1992",149142
"OK","1993",142023
"OK","1994",162214
"OK","1995",166746
"OK","1996",163734
"OK","1997",221172
"OK","1998",222621
"OK","1999",187308
"OK","2000",194145
"OK","2001",167222
"OK","2002",173701
"OK","2003",104448
"OK","2004",133309
"OK","2005",168890
"OK","2006",304381
"OK","2007",561375
"OK","2008",360065
"OK","2009",342762
"OK","2010",216400
"OK","2011",353972
"OK","2012",446009
"OK","2013",585146
"OK","2014",397290
"OK","2015",388530
"OK","2016",327783
"OK","2017",157936
"OK","2018",234817
"OK","2019",302878
"OK","2020",301574
"OK","2021",601224
"OR","1950",17017
"OR","1951",14538
"OR","1952",22071
"OR","1953",18606
"OR","1954",14811
"OR","1955",14027
"OR","1956",16391
"OR","1957",20713
"OR","1958",24505
"OR","1959",16286
"OR","1960",22442
"OR","1961",20930
"OR","1962",21466
"OR","1963",21897
"OR","1964",23325
"OR","1965",26567
"OR","1966",31076
"OR","1967",32190
"OR","1968",31335
"OR","1969",37543
"OR","1970",39880
"OR","1971",24517
"OR","1972",40606
"OR","1973",51131
"OR","1974",85734
"OR","1975",90691
"OR","1976",66657
"OR","1977",91104
"OR","1978",125474
"OR","1979",166034
"OR","1980",177425
"OR","1981",155503
"OR","1982",124171
"OR","1983",125110
"OR","1984",144065
"OR","1985",153822
"OR","1986",161728
"OR","1987",136376
"OR","1988",167047
"OR","1989",157816
"OR","1990",147784
"OR","1991",149074
"OR","1992",152161
"OR","1993",205031
"OR","1994",263682
"OR","1995",312001
"OR","1996",300459
"OR","1997",384073
"OR","1998",279197
"OR","1999",324386
"OR","2000",407084
"OR","2001",322651
"OR","2002",196257
"OR","2003",225501
"OR","2004",320065
"OR","2005",365347
"OR","2006",438255
"OR","2007",405857
"OR","2008",477113
"OR","2009",243752
"OR","2010",353589
"OR","2011",468606
"OR","2012",433126
"OR","2013",459744
"OR","2014",495134
"OR","2015",621727
"OR","2016",633871
"OR","2017",633046
"OR","2018",804453
"OR","2019",910929
"OR","2020",892484
"OR","2021",1223523
"PA","1950",64214
"PA","1951",91495
"PA","1952",127854
"PA","1953",142467
"PA","1954",121797
"PA","1955",97911
"PA","1956",137628
"PA","1957",164059
"PA","1958",137952
"PA","1959",128102
"PA","1960",142086
"PA","1961",154343
"PA","1962",148900
"PA","1963",142760
"PA","1964",155457
"PA","1965",184665
"PA","1966",229088
"PA","1967",244503
"PA","1968",270932
"PA","1969",283965
"PA","1970",529770
"PA","1971",431696
"PA","1972",481600
"PA","1973",497212
"PA","1974",540103
"PA","1975",601016
"PA","1976",616872
"PA","1977",665993
"PA","1978",786976
"PA","1979",853715
"PA","1980",861682
"PA","1981",821962
"PA","1982",869714
"PA","1983",830108
"PA","1984",865299
"PA","1985",942971
"PA","1986",963228
"PA","1987",1015814
"PA","1988",1046443
"PA","1989",1169237
"PA","1990",1094778
"PA","1991",1011966
"PA","1992",1623774
"PA","1993",1469962
"PA","1994",1486299
"PA","1995",1784579
"PA","1996",1504010
"PA","1997",1575707
"PA","1998",1562856
"PA","1999",1537722
"PA","2000",1696845
"PA","2001",1389458
"PA","2002",1198438
"PA","2003",1189314
"PA","2004",1677998
"PA","2005",1703295
"PA","2006",2116954
"PA","2007",2286527
"PA","2008",2191420
"PA","2009",1740532
"PA","2010",1648956
"PA","2011",1978061
"PA","2012",1837374
"PA","2013",2208163
"PA","2014",2301589
"PA","2015",2510136
"PA","2016",2456231
"PA","2017",2344344
"PA","2018",2486379
"PA","2019",2962361
"PA","2020",2510056
"PA","2021",4045313
"RI","1950",4382
"RI","1951",6678
"RI","1952",7983
"RI","1953",7683
"RI","1954",7095
"RI","1955",6227
"RI","1956",7560
"RI","1957",7880
"RI","1958",7260
"RI","1959",7555
"RI","1960",8419
"RI","1961",8858
"RI","1962",9483
"RI","1963",10572
"RI","1964",10804
"RI","1965",12292
"RI","1966",14715
"RI","1967",17485
"RI","1968",17192
"RI","1969",28134
"RI","1970",23090
"RI","1971",27647
"RI","1972",28619
"RI","1973",30941
"RI","1974",34610
"RI","1975",36652
"RI","1976",35780
"RI","1977",40842
"RI","1978",43610
"RI","1979",55903
"RI","1980",53620
"RI","1981",50340
"RI","1982",52524
"RI","1983",42446
"RI","1984",59274
"RI","1985",70504
"RI","1986",67656
"RI","1987",87675
"RI","1988",79194
"RI","1989",77624
"RI","1990",68828
"RI","1991",45966
"RI","1992",48502
"RI","1993",69846
"RI","1994",79320
"RI","1995",82160
"RI","1996",86973
"RI","1997",89198
"RI","1998",69714
"RI","1999",66318
"RI","2000",74825
"RI","2001",77998
"RI","2002",28273
"RI","2003",67118
"RI","2004",69479
"RI","2005",113326
"RI","2006",169865
"RI","2007",179168
"RI","2008",145866
"RI","2009",108497
"RI","2010",121668
"RI","2011",130644
"RI","2012",136362
"RI","2013",144310
"RI","2014",137528
"RI","2015",176336
"RI","2016",144269
"RI","2017",129732
"RI","2018",118118
"RI","2019",176463
"RI","2020",213303
"RI","2021",257943
"SC","1950",14487
"SC","1951",13552
"SC","1952",17520
"SC","1953",14717
"SC","1954",14305
"SC","1955",11941
"SC","1956",16283
"SC","1957",17412
"SC","1958",15856
"SC","1959",14211
"SC","1960",18797
"SC","1961",21369
"SC","1962",18036
"SC","1963",18757
"SC","1964",19021
"SC","1965",24569
"SC","1966",37525
"SC","1967",43395
"SC","1968",33521
"SC","1969",40467
"SC","1970",42318
"SC","1971",43579
"SC","1972",52312
"SC","1973",63295
"SC","1974",77568
"SC","1975",82682
"SC","1976",79732
"SC","1977",106601
"SC","1978",122924
"SC","1979",140185
"SC","1980",153475
"SC","1981",152674
"SC","1982",131546
"SC","1983",128180
"SC","1984",159334
"SC","1985",199771
"SC","1986",188351
"SC","1987",190474
"SC","1988",203959
"SC","1989",220379
"SC","1990",150926
"SC","1991",151433
"SC","1992",141895
"SC","1993",176339
"SC","1994",219052
"SC","1995",250214
"SC","1996",250867
"SC","1997",239350
"SC","1998",213622
"SC","1999",257488
"SC","2000",227161
"SC","2001",192070
"SC","2002",159837
"SC","2003",173886
"SC","2004",196510
"SC","2005",246935
"SC","2006",296753
"SC","2007",311902
"SC","2008",312600
"SC","2009",249200
"SC","2010",148500
"SC","2011",216082
"SC","2012",252904
"SC","2013",386847
"SC","2014",366263
"SC","2015",377329
"SC","2016",408297
"SC","2017",340327
"SC","2018",404164
"SC","2019",396207
"SC","2020",505025
"SC","2021",740197
"SD","1950",143
"SD","1951",150
"SD","1952",161
"SD","1953",151
"SD","1954",148
"SD","1955",173
"SD","1956",184
"SD","1957",188
"SD","1958",249
"SD","1959",378
"SD","1960",395
"SD","1961",470
"SD","1962",466
"SD","1963",495
"SD","1964",537
"SD","1965",562
"SD","1966",586
"SD","1967",583
"SD","1968",586
"SD","1969",606
"SD","1970",780
"SD","1971",800
"SD","1972",850
"SD","1973",900
"SD","1974",1299
"SD","1975",1869
"SD","1976",2047
"SD","1977",2504
"SD","1978",2969
"SD","1979",2908
"SD","1980",3292
"SD","1981",3680
"SD","1982",1041
"SD","1983",2565
"SD","1984",17881
"SD","1985",16938
"SD","1986",23617
"SD","1987",24035
"SD","1988",26357
"SD","1989",26490
"SD","1990",30714
"SD","1991",38578
"SD","1992",35222
"SD","1993",28142
"SD","1994",36540
"SD","1995",39914
"SD","1996",38099
"SD","1997",36888
"SD","1998",38269
"SD","1999",50819
"SD","2000",45123
"SD","2001",43387
"SD","2002",40547
"SD","2003",43976
"SD","2004",47108
"SD","2005",49142
"SD","2006",61865
"SD","2007",76665
"SD","2008",69879
"SD","2009",48772
"SD","2010",31157
"SD","2011",15208
"SD","2012",59837
"SD","2013",37172
"SD","2014",24819
"SD","2015",4334
"SD","2016",33736
"SD","2017",30728
"SD","2018",32376
"SD","2019",46295
"SD","2020",37459
"SD","2021",53960
"TN","1950",10443
"TN","1951",12201
"TN","1952",16791
"TN","1953",16275
"TN","1954",16266
"TN","1955",14390
"TN","1956",13819
"TN","1957",19647
"TN","1958",19285
"TN","1959",16482
"TN","1960",21392
"TN","1961",21093
"TN","1962",21516
"TN","1963",22881
"TN","1964",28392
"TN","1965",31059
"TN","1966",38032
"TN","1967",43278
"TN","1968",49957
"TN","1969",61633
"TN","1970",59633
"TN","1971",59499
"TN","1972",77804
"TN","1973",102978
"TN","1974",112974
"TN","1975",126715
"TN","1976",128621
"TN","1977",156042
"TN","1978",170848
"TN","1979",186088
"TN","1980",198222
"TN","1981",195065
"TN","1982",206835
"TN","1983",203858
"TN","1984",226242
"TN","1985",259198
"TN","1986",268618
"TN","1987",298644
"TN","1988",352120
"TN","1989",371545
"TN","1990",332036
"TN","1991",345542
"TN","1992",295266
"TN","1993",365323
"TN","1994",421960
"TN","1995",493072
"TN","1996",533862
"TN","1997",479660
"TN","1998",607418
"TN","1999",571428
"TN","2000",613924
"TN","2001",673465
"TN","2002",502977
"TN","2003",612943
"TN","2004",694798
"TN","2005",805601
"TN","2006",928349
"TN","2007",1120422
"TN","2008",1005880
"TN","2009",816261
"TN","2010",901617
"TN","2011",1068573
"TN","2012",1115383
"TN","2013",1256173
"TN","2014",1176971
"TN","2015",1400973
"TN","2016",1538649
"TN","2017",1726223
"TN","2018",1644159
"TN","2019",1697469
"TN","2020",1504881
"TN","2021",2564458
"TX","1950",0
"TX","1951",0
"TX","1952",0
"TX","1953",0
"TX","1954",0
"TX","1955",0
"TX","1956",0
"TX","1957",0
"TX","1958",0
"TX","1959",0
"TX","1960",0
"TX","1961",0
"TX","1962",0
"TX","1963",0
"TX","1964",0
"TX","1965",0
"TX","1966",0
"TX","1967",0
"TX","1968",0
"TX","1969",0
"TX","1970",0
"TX","1971",0
"TX","1972",0
"TX","1973",0
"TX","1974",0
"TX","1975",0
"TX","1976",0
"TX","1977",0
"TX","1978",0
"TX","1979",0
"TX","1980",0
"TX","1981",0
"TX","1982",0
"TX","1983",0
"TX","1984",0
"TX","1985",0
"TX","1986",0
"TX","1987",0
"TX","1988",0
"TX","1989",0
"TX","1990",0
"TX","1991",0
"TX","1992",0
"TX","1993",0
"TX","1994",0
"TX","1995",0
"TX","1996",0
"TX","1997",0
"TX","1998",0
"TX","1999",0
"TX","2000",0
"TX","2001",0
"TX","2002",0
"TX","2003",0
"TX","2004",0
"TX","2005",0
"TX","2006",0
"TX","2007",0
"TX","2008",0
"TX","2009",0
"TX","2010",0
"TX","2011",0
"TX","2012",0
"TX","2013",0
"TX","2014",0
"TX","2015",0
"TX","2016",0
"TX","2017",0
"TX","2018",0
"TX","2019",0
"TX","2020",0
"TX","2021",0
"UT","1950",2584
"UT","1951",2485
"UT","1952",3227
"UT","1953",2997
"UT","1954",3982
"UT","1955",2415
"UT","1956",3657
"UT","1957",8224
"UT","1958",5974
"UT","1959",5312
"UT","1960",5671
"UT","1961",6305
"UT","1962",7143
"UT","1963",6395
"UT","1964",6696
"UT","1965",6648
"UT","1966",8008
"UT","1967",11000
"UT","1968",9701
"UT","1969",10706
"UT","1970",11790
"UT","1971",11085
"UT","1972",12636
"UT","1973",29575
"UT","1974",20173
"UT","1975",18002
"UT","1976",24501
"UT","1977",24866
"UT","1978",29448
"UT","1979",32874
"UT","1980",40377
"UT","1981",40667
"UT","1982",40894
"UT","1983",31592
"UT","1984",45035
"UT","1985",52191
"UT","1986",66450
"UT","1987",60891
"UT","1988",71663
"UT","1989",92207
"UT","1990",94167
"UT","1991",82463
"UT","1992",76375
"UT","1993",83936
"UT","1994",125191
"UT","1995",147374
"UT","1996",176781
"UT","1997",195800
"UT","1998",184584
"UT","1999",180141
"UT","2000",173799
"UT","2001",162754
"UT","2002",110989
"UT","2003",148218
"UT","2004",145005
"UT","2005",188845
"UT","2006",348129
"UT","2007",398894
"UT","2008",394638
"UT","2009",245880
"UT","2010",245980
"UT","2011",247661
"UT","2012",258578
"UT","2013",330684
"UT","2014",307910
"UT","2015",368681
"UT","2016",333358
"UT","2017",326592
"UT","2018",460657
"UT","2019",522382
"UT","2020",360203
"UT","2021",745673
"VA","1950",18458
"VA","1951",25466
"VA","1952",22425
"VA","1953",20634
"VA","1954",21958
"VA","1955",20916
"VA","1956",27876
"VA","1957",27453
"VA","1958",27130
"VA","1959",24262
"VA","1960",31715
"VA","1961",28736
"VA","1962",30287
"VA","1963",31909
"VA","1964",34233
"VA","1965",39794
"VA","1966",47864
"VA","1967",49340
"VA","1968",48837
"VA","1969",67482
"VA","1970",67369
"VA","1971",64705
"VA","1972",77642
"VA","1973",96618
"VA","1974",106406
"VA","1975",117065
"VA","1976",130417
"VA","1977",159152
"VA","1978",164790
"VA","1979",196220
"VA","1980",193847
"VA","1981",182301
"VA","1982",176965
"VA","1983",183215
"VA","1984",242706
"VA","1985",287747
"VA","1986",280768
"VA","1987",320598
"VA","1988",334382
"VA","1989",347447
"VA","1990",306170
"VA","1991",285106
"VA","1992",273258
"VA","1993",365340
"VA","1994",306667
"VA","1995",367832
"VA","1996",362830
"VA","1997",425154
"VA","1998",445659
"VA","1999",414388
"VA","2000",565909
"VA","2001",363757
"VA","2002",308554
"VA","2003",328444
"VA","2004",422119
"VA","2005",605959
"VA","2006",863320
"VA","2007",879575
"VA","2008",787229
"VA","2009",633490
"VA","2010",789655
"VA","2011",798404
"VA","2012",838790
"VA","2013",772001
"VA","2014",740511
"VA","2015",817851
"VA","2016",752689
"VA","2017",826961
"VA","2018",1165610
"VA","2019",1247128
"VA","2020",1362172
"VA","2021",1579303
"VT","1950",1172
"VT","1951",1360
"VT","1952",2912
"VT","1953",2321
"VT","1954",2142
"VT","1955",1594
"VT","1956",1907
"VT","1957",2283
"VT","1958",2115
"VT","1959",2002
"VT","1960",2219
"VT","1961",2274
"VT","1962",2502
"VT","1963",2552
"VT","1964",2568
"VT","1965",3270
"VT","1966",4116
"VT","1967",4902
"VT","1968",5159
"VT","1969",5553
"VT","1970",5819
"VT","1971",6006
"VT","1972",6593
"VT","1973",7922
"VT","1974",8024
"VT","1975",9921
"VT","1976",13290
"VT","1977",16900
"VT","1978",18700
"VT","1979",23878
"VT","1980",22425
"VT","1981",22918
"VT","1982",24954
"VT","1983",25400
"VT","1984",22606
"VT","1985",34958
"VT","1986",30531
"VT","1987",38445
"VT","1988",44688
"VT","1989",38310
"VT","1990",27128
"VT","1991",27387
"VT","1992",30954
"VT","1993",32572
"VT","1994",34932
"VT","1995",48274
"VT","1996",44818
"VT","1997",45327
"VT","1998",45886
"VT","1999",49696
"VT","2000",44430
"VT","2001",44606
"VT","2002",37306
"VT","2003",41641
"VT","2004",62228
"VT","2005",68962
"VT","2006",86083
"VT","2007",83362
"VT","2008",84783
"VT","2009",86759
"VT","2010",85178
"VT","2011",105077
"VT","2012",96579
"VT","2013",105635
"VT","2014",105817
"VT","2015",112643
"VT","2016",129899
"VT","2017",111186
"VT","2018",110819
"VT","2019",149832
"VT","2020",141623
"VT","2021",166841
"WA","1950",0
"WA","1951",0
"WA","1952",0
"WA","1953",0
"WA","1954",0
"WA","1955",0
"WA","1956",0
"WA","1957",0
"WA","1958",0
"WA","1959",0
"WA","1960",0
"WA","1961",0
"WA","1962",0
"WA","1963",0
"WA","1964",0
"WA","1965",0
"WA","1966",0
"WA","1967",0
"WA","1968",0
"WA","1969",0
"WA","1970",0
"WA","1971",0
"WA","1972",0
"WA","1973",0
"WA","1974",0
"WA","1975",0
"WA","1976",0
"WA","1977",0
"WA","1978",0
"WA","1979",0
"WA","1980",0
"WA","1981",0
"WA","1982",0
"WA","1983",0
"WA","1984",0
"WA","1985",0
"WA","1986",0
"WA","1987",0
"WA","1988",0
"WA","1989",0
"WA","1990",0
"WA","1991",0
"WA","1992",0
"WA","1993",0
"WA","1994",0
"WA","1995",0
"WA","1996",0
"WA","1997",0
"WA","1998",0
"WA","1999",0
"WA","2000",0
"WA","2001",0
"WA","2002",0
"WA","2003",0
"WA","2004",0
"WA","2005",0
"WA","2006",0
"WA","2007",0
"WA","2008",0
"WA","2009",0
"WA","2010",0
"WA","2011",0
"WA","2012",0
"WA","2013",0
"WA","2014",0
"WA","2015",0
"WA","2016",0
"WA","2017",0
"WA","2018",0
"WA","2019",0
"WA","2020",0
"WA","2021",0
"WI","1950",40315
"WI","1951",53833
"WI","1952",58029
"WI","1953",51171
"WI","1954",47854
"WI","1955",43857
"WI","1956",50808
"WI","1957",55646
"WI","1958",54068
"WI","1959",48479
"WI","1960",59057
"WI","1961",56942
"WI","1962",53825
"WI","1963",62734
"WI","1964",95244
"WI","1965",81825
"WI","1966",92342
"WI","1967",102813
"WI","1968",96103
"WI","1969",101044
"WI","1970",104704
"WI","1971",88792
"WI","1972",116805
"WI","1973",136107
"WI","1974",160269
"WI","1975",153407
"WI","1976",190419
"WI","1977",251657
"WI","1978",284979
"WI","1979",327427
"WI","1980",311321
"WI","1981",255663
"WI","1982",322939
"WI","1983",339781
"WI","1984",393481
"WI","1985",413645
"WI","1986",407590
"WI","1987",470689
"WI","1988",461369
"WI","1989",448367
"WI","1990",436562
"WI","1991",440918
"WI","1992",437689
"WI","1993",492015
"WI","1994",541284
"WI","1995",670891
"WI","1996",620889
"WI","1997",638975
"WI","1998",680639
"WI","1999",670958
"WI","2000",578120
"WI","2001",495449
"WI","2002",445016
"WI","2003",526500
"WI","2004",681990
"WI","2005",782742
"WI","2006",808200
"WI","2007",923359
"WI","2008",863088
"WI","2009",656872
"WI","2010",851537
"WI","2011",850647
"WI","2012",934103
"WI","2013",955752
"WI","2014",981282
"WI","2015",1032411
"WI","2016",986785
"WI","2017",959699
"WI","2018",919826
"WI","2019",1304720
"WI","2020",1585086
"WI","2021",2517169
"WV","1950",0
"WV","1951",0
"WV","1952",0
"WV","1953",0
"WV","1954",0
"WV","1955",0
"WV","1956",0
"WV","1957",0
"WV","1958",0
"WV","1959",0
"WV","1960",0
"WV","1961",0
"WV","1962",0
"WV","1963",0
"WV","1964",0
"WV","1965",0
"WV","1966",0
"WV","1967",0
"WV","1968",3221
"WV","1969",4138
"WV","1970",3872
"WV","1971",4927
"WV","1972",10608
"WV","1973",12163
"WV","1974",12744
"WV","1975",19122
"WV","1976",20267
"WV","1977",23329
"WV","1978",21014
"WV","1979",25591
"WV","1980",32889
"WV","1981",32039
"WV","1982",34400
"WV","1983",45146
"WV","1984",92173
"WV","1985",98766
"WV","1986",88909
"WV","1987",89890
"WV","1988",176704
"WV","1989",206487
"WV","1990",221642
"WV","1991",191214
"WV","1992",182081
"WV","1993",179009
"WV","1994",184625
"WV","1995",218686
"WV","1996",235123
"WV","1997",251230
"WV","1998",221528
"WV","1999",263121
"WV","2000",217793
"WV","2001",214297
"WV","2002",220158
"WV","2003",182364
"WV","2004",181515
"WV","2005",463249
"WV","2006",533027
"WV","2007",539136
"WV","2008",538839
"WV","2009",420530
"WV","2010",237159
"WV","2011",307278
"WV","2012",192385
"WV","2013",242429
"WV","2014",203508
"WV","2015",188758
"WV","2016",116305
"WV","2017",116305
"WV","2018",110068
"WV","2019",198799
"WV","2020",151989
"WV","2021",320487
"WY","1950",0
"WY","1951",0
"WY","1952",0
"WY","1953",0
"WY","1954",0
"WY","1955",0
"WY","1956",0
"WY","1957",0
"WY","1958",0
"WY","1959",0
"WY","1960",0
"WY","1961",0
"WY","1962",0
"WY","1963",0
"WY","1964",0
"WY","1965",0
"WY","1966",0
"WY","1967",0
"WY","1968",0
"WY","1969",0
"WY","1970",0
"WY","1971",0
"WY","1972",0
"WY","1973",0
"WY","1974",0
"WY","1975",0
"WY","1976",0
"WY","1977",0
"WY","1978",0
"WY","1979",0
"WY","1980",0
"WY","1981",0
"WY","1982",0
"WY","1983",0
"WY","1984",0
"WY","1985",0
"WY","1986",0
"WY","1987",0
"WY","1988",0
"WY","1989",0
"WY","1990",0
"WY","1991",0
"WY","1992",0
"WY","1993",0
"WY","1994",0
"WY","1995",0
"WY","1996",0
"WY","1997",0
"WY","1998",0
"WY","1999",0
"WY","2000",0
"WY","2001",0
"WY","2002",0
"WY","2003",0
"WY","2004",0
"WY","2005",0
"WY","2006",0
"WY","2007",0
"WY","2008",0
"WY","2009",0
"WY","2010",0
"WY","2011",0
"WY","2012",0
"WY","2013",0
"WY","2014",0
"WY","2015",0
"WY","2016",0
"WY","2017",0
"WY","2018",0
"WY","2019",0
"WY","2020",0
"WY","2021",0
